Sifra rezervacije,Sifra apartmana,Pocetak,Broj nocenja,Kraj,Ukupna cena,Gost/Kontakt osoba,Status,Gost1,Gost2,Gost3,Gost4,Gost5,Gost6,Gost7,Gost8,Grad
1,2,2020-06-14,11,2020-06-25,352,Mojmir Bačić (Liet1998),Odbijena,ne postoji,ne postoji,ne postoji,ne postoji,ne postoji,ne postoji,ne postoji,ne postoji,Cambridge
2,36,2022-09-22,1,2022-09-23,32,Zdravka Rukavina (Bliguld),Kreirana,ne postoji,ne postoji,ne postoji,ne postoji,ne postoji,ne postoji,ne postoji,ne postoji,Copperas Cove
3,83,2022-11-09,10,2022-11-19,340,Milenko Marjanović (Mothesseze),Prihvacena,Tihomil Vučković,ne postoji,ne postoji,ne postoji,ne postoji,ne postoji,ne postoji,ne postoji,Antioch
4,77,2021-11-01,12,2021-11-13,312,Elena Jovanović (Otibitepar),Odbijena,Božo Varga,Nikola Klarić,ne postoji,ne postoji,ne postoji,ne postoji,ne postoji,ne postoji,Philadelphia
5,41,2020-01-09,11,2020-01-20,264,Iva Lončar (Hund1986),Odustanak,ne postoji,ne postoji,ne postoji,ne postoji,ne postoji,ne postoji,ne postoji,ne postoji,Grant
6,92,2021-03-04,1,2021-03-05,26,Đurđica Matković (Ploust69),Zavrsena,Nika Tadić,Ljiljana Matković,Elena Petković,Dragutin Kralj,Zrina Jurišić,ne postoji,ne postoji,ne postoji,Vancouver
7,84,2021-07-20,13,2021-08-02,312,Petar Lončar (Thoromem),Odbijena,Darko Stanić,Aleksandra Duvnjak,ne postoji,ne postoji,ne postoji,ne postoji,ne postoji,ne postoji,Vancouver
8,84,2022-12-08,14,2022-12-22,336,Milena Barić (Luctly1975),Kreirana,Lidija Crnić,Pribislav Bosanac,ne postoji,ne postoji,ne postoji,ne postoji,ne postoji,ne postoji,Vancouver
9,80,2021-05-05,13,2021-05-18,390,Jakov Zagorec (Pletent49),Zavrsena,Zlatko Topić,ne postoji,ne postoji,ne postoji,ne postoji,ne postoji,ne postoji,ne postoji,Pace
10,14,2021-08-23,12,2021-09-04,312,Grgur Barišić (Whons1950),Zavrsena,Cvjetko Zagorec,ne postoji,ne postoji,ne postoji,ne postoji,ne postoji,ne postoji,ne postoji,Rochester
11,51,2022-01-17,3,2022-01-20,123,Snježana Petković (Faceink),Zavrsena,Danijela Jurišić,Karlo Marjanović,ne postoji,ne postoji,ne postoji,ne postoji,ne postoji,ne postoji,Copperas Cove
12,58,2021-09-03,14,2021-09-17,448,Tuga Jovanović (Capils),Odbijena,Alen Pavlović,ne postoji,ne postoji,ne postoji,ne postoji,ne postoji,ne postoji,ne postoji,Fremont
13,93,2020-01-17,15,2020-02-01,390,Klara Pranjić (Lowee1969),Odustanak,Veselko Pavić,ne postoji,ne postoji,ne postoji,ne postoji,ne postoji,ne postoji,ne postoji,Pace
14,4,2020-05-23,10,2020-06-02,330,Silvija Jović (Whersuch),Odustanak,Matija Hrvatin,Nediljko Jerković,Prvoš Tadić,Mijo Miletić,Zdenka Kralj,ne postoji,ne postoji,ne postoji,Burr Ridge
15,26,2022-02-05,7,2022-02-12,210,Ivan Vuković (Quared67),Kreirana,ne postoji,ne postoji,ne postoji,ne postoji,ne postoji,ne postoji,ne postoji,ne postoji,Fremont
16,26,2022-09-17,4,2022-09-21,120,Ozren Jovanović (Quichaved),Prihvacena,ne postoji,ne postoji,ne postoji,ne postoji,ne postoji,ne postoji,ne postoji,ne postoji,Fremont
17,7,2020-03-18,15,2020-04-02,480,Blaženka Novosel (Peaske),Odbijena,Borislav Novak,ne postoji,ne postoji,ne postoji,ne postoji,ne postoji,ne postoji,ne postoji,Southfield
18,39,2022-02-10,4,2022-02-14,156,Grgur Barišić (Whons1950),Kreirana,Darko Stanić,Spomenka Mihaljević,Leona Brkić,Diana Jurić,Martina Popović,ne postoji,ne postoji,ne postoji,Boston
19,73,2020-09-09,7,2020-09-16,210,Tonka Ivanović (Upow1988),Odustanak,Karlo Marjanović,ne postoji,ne postoji,ne postoji,ne postoji,ne postoji,ne postoji,ne postoji,Philadelphia
20,86,2021-11-25,8,2022-00-03,288,Svetoslav Kovačević (Brod1966),Odbijena,Blagica Posavec,ne postoji,ne postoji,ne postoji,ne postoji,ne postoji,ne postoji,ne postoji,Warminster
21,46,2020-02-06,9,2020-02-15,306,Radojka Milić (Desed2000),Odustanak,Matej Perković,Siniša Petrović,Vedrana Matijević,Ognjen Šimić,Alen Pavlović,ne postoji,ne postoji,ne postoji,Fremont
22,67,2021-01-01,11,2021-01-12,407,Jasmin Bošnjak (Staided),Odustanak,Milica Petković,Milenko Jozić,ne postoji,ne postoji,ne postoji,ne postoji,ne postoji,ne postoji,Southfield
23,49,2020-12-14,5,2020-12-19,130,Gordan Brkić (Brobbegreare),Zavrsena,Zdenka Kralj,Blago Janković,ne postoji,ne postoji,ne postoji,ne postoji,ne postoji,ne postoji,Philadelphia
24,34,2022-07-15,3,2022-07-18,66,Radojka Milić (Desed2000),Prihvacena,ne postoji,ne postoji,ne postoji,ne postoji,ne postoji,ne postoji,ne postoji,ne postoji,Burr Ridge
25,77,2022-02-20,6,2022-02-26,156,Emil Ivanović (Himmenting),Prihvacena,Dragana Kovač,Vedrana Matijević,ne postoji,ne postoji,ne postoji,ne postoji,ne postoji,ne postoji,Philadelphia
26,53,2020-10-23,12,2020-11-04,336,Gordan Brkić (Brobbegreare),Odbijena,Ana Popović,ne postoji,ne postoji,ne postoji,ne postoji,ne postoji,ne postoji,ne postoji,Cambridge
27,93,2020-05-26,9,2020-06-04,234,Mojmir Bačić (Liet1998),Odustanak,Aleksandra Duvnjak,ne postoji,ne postoji,ne postoji,ne postoji,ne postoji,ne postoji,ne postoji,Pace
28,39,2020-02-09,6,2020-02-15,234,Ranka Nikolić (Ponwas45),Odbijena,Tamara Novosel,Marica Pranjić,Perica Grgić,Ana Živković,Leona Brkić,ne postoji,ne postoji,ne postoji,Boston
29,30,2022-07-08,5,2022-07-13,160,Ivan Vuković (Quared67),Prihvacena,Spomenka Mihaljević,Martina Popović,Iva Ivančić,Zdenka Kralj,Bernarda Matković,ne postoji,ne postoji,ne postoji,Charlotte
30,44,2022-10-02,2,2022-10-04,78,Anto Bačić (Calkich),Kreirana,Štefanija Crnić,Andrea Pavić,ne postoji,ne postoji,ne postoji,ne postoji,ne postoji,ne postoji,Warminster
31,24,2021-01-07,1,2021-01-08,33,Pavo Matić (Stered),Odbijena,testname testlname,Blago Obad,Leona Duvnjak,Kažimir Pavičić,Šimun Delić,Zdenka Kralj,Leona Brkić,Budimir Jerković,Everett
32,33,2021-02-21,12,2021-03-05,492,Zdenko Vidović (Camesquill),Zavrsena,Šimun Delić,Nikola Klarić,ne postoji,ne postoji,ne postoji,ne postoji,ne postoji,ne postoji,Bluffton
34,88,2022-10-07,12,2022-10-19,288,Margareta Pavlović (Tionat),Prihvacena,ne postoji,ne postoji,ne postoji,ne postoji,ne postoji,ne postoji,ne postoji,ne postoji,Philadelphia
35,8,2022-02-11,5,2022-02-16,170,Krunoslav Lovrić (Offera91),Prihvacena,Pribislav Bosanac,Darijo Janković,Srećko Bosanac,ne postoji,ne postoji,ne postoji,ne postoji,ne postoji,Pace
36,67,2020-04-18,13,2020-05-01,481,Olga Radić (Therver),Zavrsena,Nina Horvatinčić,Grgur Perković,ne postoji,ne postoji,ne postoji,ne postoji,ne postoji,ne postoji,Southfield
37,99,2022-01-01,6,2022-01-07,234,Mislav Tomić (Elbectern),Odbijena,Bernarda Matković,Bogdan Jukić,Nadica Tkalčić,Nadica Tkalčić,Božo Brkić,Aleksandra Duvnjak,Divna Topić,Živka Ivanković,Rochester
38,97,2021-08-26,13,2021-09-08,429,Olga Radić (Execonverve),Odbijena,Živka Ivanković,Velimir Klarić,ne postoji,ne postoji,ne postoji,ne postoji,ne postoji,ne postoji,Garden City
39,48,2022-10-14,14,2022-10-28,462,Zdenko Vidović (Camesquill),Prihvacena,Teha Rukavina,Sanela Matković,ne postoji,ne postoji,ne postoji,ne postoji,ne postoji,ne postoji,Fremont
40,82,2020-01-14,12,2020-01-26,336,Olga Radić (Execonverve),Odustanak,Nikola Klarić,ne postoji,ne postoji,ne postoji,ne postoji,ne postoji,ne postoji,ne postoji,Southfield
41,99,2022-04-11,10,2022-04-21,390,Miro Vidaković (Haided),Prihvacena,Ognjen Marjanović,Zrina Stanić,Nikola Klarić,Spomenka Mihaljević,Ana Popović,Ljiljana Matković,Dubravka Lovrić,Elena Petković,Rochester
42,87,2020-04-16,5,2020-04-21,130,Viktor Obad (Andoweent),Odustanak,ne postoji,ne postoji,ne postoji,ne postoji,ne postoji,ne postoji,ne postoji,ne postoji,Southfield
43,66,2020-06-25,6,2020-07-01,168,Ksenija Perić (Occonever45),Zavrsena,ne postoji,ne postoji,ne postoji,ne postoji,ne postoji,ne postoji,ne postoji,ne postoji,Bluffton
44,75,2020-03-16,13,2020-03-29,390,Svetoslav Kovačević (Brod1966),Zavrsena,Borislav Novak,ne postoji,ne postoji,ne postoji,ne postoji,ne postoji,ne postoji,ne postoji,Copperas Cove
45,40,2021-02-11,4,2021-02-15,124,Držislav Hrvatin (Whily1995),Zavrsena,Štefanija Crnić,Ognjen Šimić,ne postoji,ne postoji,ne postoji,ne postoji,ne postoji,ne postoji,Pace
46,38,2022-09-13,12,2022-09-25,336,Vjekoslav Petrović (Poseveropme),Kreirana,Živka Ivanković,Davorin Petković,ne postoji,ne postoji,ne postoji,ne postoji,ne postoji,ne postoji,Copperas Cove
47,39,2022-07-25,6,2022-07-31,234,Zdenko Vidović (Camesquill),Prihvacena,Leon Bašić,Milenko Jozić,Ognjen Marjanović,Matija Mikulić,Ana Kos,ne postoji,ne postoji,ne postoji,Boston
48,47,2021-02-25,7,2021-03-04,273,Emil Ivanović (Himmenting),Odustanak,Kažimir Pavičić,Leonardo Jakšić,ne postoji,ne postoji,ne postoji,ne postoji,ne postoji,ne postoji,Philadelphia
49,52,2020-08-02,2,2020-08-04,74,Maja Grubišić (Farretionly),Odustanak,Božo Varga,Nika Tadić,Saša Jukić,Milenko Jozić,Senka Jozić,ne postoji,ne postoji,ne postoji,Laurinburg
50,37,2020-08-24,14,2020-09-07,476,Vjekoslav Petrović (Poseveropme),Zavrsena,Romana Barić,ne postoji,ne postoji,ne postoji,ne postoji,ne postoji,ne postoji,ne postoji,Carroll
51,75,2020-05-20,2,2020-05-22,60,Ivan Vuković (Quared67),Odustanak,Elena Petković,ne postoji,ne postoji,ne postoji,ne postoji,ne postoji,ne postoji,ne postoji,Copperas Cove
52,81,2022-04-19,15,2022-05-04,480,Gordan Brkić (Brobbegreare),Prihvacena,ne postoji,ne postoji,ne postoji,ne postoji,ne postoji,ne postoji,ne postoji,ne postoji,Grant
53,5,2021-04-24,8,2021-05-02,192,Mihaela Ivanković (Liend1991),Odbijena,ne postoji,ne postoji,ne postoji,ne postoji,ne postoji,ne postoji,ne postoji,ne postoji,Everett
54,39,2021-05-11,12,2021-05-23,468,Jasmina Dujmović (Hoset1970),Odustanak,Milenko Jozić,Veselko Pavić,Borislav Novak,Budimir Jerković,Elvis Kolar,ne postoji,ne postoji,ne postoji,Boston
55,21,2022-09-13,7,2022-09-20,224,Pavo Matić (Stered),Prihvacena,Manuela Novaković,Luka Milić,Mijo Miletić,ne postoji,ne postoji,ne postoji,ne postoji,ne postoji,Grant
56,66,2021-06-24,1,2021-06-25,28,Ksenija Perić (Occonever45),Zavrsena,ne postoji,ne postoji,ne postoji,ne postoji,ne postoji,ne postoji,ne postoji,ne postoji,Bluffton
57,57,2020-12-01,14,2020-12-15,392,Mateo Herceg (Bobselp),Odustanak,Siniša Petrović,Saša Jukić,Darko Stanić,Milica Petković,Slavko Perković,ne postoji,ne postoji,ne postoji,Antioch
58,41,2021-06-04,11,2021-06-15,264,Ksenija Perić (Occonever45),Odustanak,ne postoji,ne postoji,ne postoji,ne postoji,ne postoji,ne postoji,ne postoji,ne postoji,Grant
59,36,2020-05-10,10,2020-05-20,320,Jakov Zagorec (Pletent49),Zavrsena,ne postoji,ne postoji,ne postoji,ne postoji,ne postoji,ne postoji,ne postoji,ne postoji,Copperas Cove
60,24,2021-04-15,13,2021-04-28,429,Petar Lončar (Thoromem),Odustanak,Budimir Jerković,Dragana Kovač,Dragana Lučić,Srećko Bosanac,Berivoj Marušić,Dragana Kovač,Aleksandra Duvnjak,Darijo Horvatinčić,Everett
61,5,2020-02-08,10,2020-02-18,240,Krunoslav Lovrić (Offera91),Odbijena,ne postoji,ne postoji,ne postoji,ne postoji,ne postoji,ne postoji,ne postoji,ne postoji,Everett
62,98,2020-03-10,12,2020-03-22,468,Patricija Janković (Lairger),Zavrsena,Darijo Horvatinčić,Dunja Marić,ne postoji,ne postoji,ne postoji,ne postoji,ne postoji,ne postoji,Carroll
63,99,2020-10-09,13,2020-10-22,507,Slavoljub Babić (Hatishe1976),Odbijena,Leonardo Jakšić,Nediljko Jerković,Tihomil Vučković,Zrina Stanić,Mladen Pejić,Ksenija Ivanković,Bernarda Matković,Dunja Marić,Rochester
64,81,2022-11-04,2,2022-11-06,64,Jakov Zagorec (Pletent49),Kreirana,ne postoji,ne postoji,ne postoji,ne postoji,ne postoji,ne postoji,ne postoji,ne postoji,Grant
65,51,2022-10-09,15,2022-10-24,615,Svetoslav Kovačević (Brod1966),Kreirana,Tereza Janković,Roko Stipanov,ne postoji,ne postoji,ne postoji,ne postoji,ne postoji,ne postoji,Copperas Cove
66,8,2021-04-13,13,2021-04-26,442,Blaženka Novosel (Peaske),Odustanak,Pribislav Bosanac,Leonardo Jakšić,Jasminka Jukić,ne postoji,ne postoji,ne postoji,ne postoji,ne postoji,Pace
67,30,2021-03-19,7,2021-03-26,224,Marina Pavičić (Rems1949),Odbijena,Dražan Katić,Višeslav Perić,Sara Miletić,Danijela Jurišić,Velimir Klarić,ne postoji,ne postoji,ne postoji,Charlotte
68,7,2022-01-03,15,2022-01-18,480,Anto Bačić (Calkich),Zavrsena,Nediljko Jerković,ne postoji,ne postoji,ne postoji,ne postoji,ne postoji,ne postoji,ne postoji,Southfield
69,90,2020-11-11,6,2020-11-17,186,Vinko Horvat (Resprommed),Odustanak,Dragana Lučić,Matea Šimunović,ne postoji,ne postoji,ne postoji,ne postoji,ne postoji,ne postoji,Fremont
70,92,2020-05-08,15,2020-05-23,390,Ozren Jovanović (Quichaved),Zavrsena,Dragana Kovač,Darijo Mandić,Zrina Jukić,Jasminka Ćosić,Prvoš Tadić,ne postoji,ne postoji,ne postoji,Vancouver
71,67,2021-02-18,13,2021-03-03,481,Anto Bačić (Calkich),Odustanak,Iva Ivančić,Ognjen Marjanović,ne postoji,ne postoji,ne postoji,ne postoji,ne postoji,ne postoji,Southfield
72,97,2022-08-02,13,2022-08-15,429,Jasmin Bošnjak (Staided),Prihvacena,Dražan Katić,Nika Tadić,ne postoji,ne postoji,ne postoji,ne postoji,ne postoji,ne postoji,Garden City
73,26,2020-04-15,10,2020-04-25,300,Ivona Brajković (Stoluch),Odbijena,ne postoji,ne postoji,ne postoji,ne postoji,ne postoji,ne postoji,ne postoji,ne postoji,Fremont
74,22,2020-05-26,8,2020-06-03,248,Ivona Brajković (Stoluch),Odustanak,Roko Stipanov,Mihovil Kovačić,Tamara Novosel,Desimir Novaković,Leon Bašić,ne postoji,ne postoji,ne postoji,Burr Ridge
75,74,2021-04-13,7,2021-04-20,196,Emil Ivanović (Himmenting),Zavrsena,ne postoji,ne postoji,ne postoji,ne postoji,ne postoji,ne postoji,ne postoji,ne postoji,Fremont
76,67,2022-11-10,1,2022-11-11,37,Mateo Herceg (Bobselp),Kreirana,Grgur Perković,Martina Popović,ne postoji,ne postoji,ne postoji,ne postoji,ne postoji,ne postoji,Southfield
77,50,2020-03-09,9,2020-03-18,252,Draženka Popović (Siled1976),Zavrsena,Darko Stanić,ne postoji,ne postoji,ne postoji,ne postoji,ne postoji,ne postoji,ne postoji,Everett
78,60,2020-01-22,3,2020-01-25,72,Vjekoslav Petrović (Poseveropme),Odbijena,Velimir Klarić,testname testlname,ne postoji,ne postoji,ne postoji,ne postoji,ne postoji,ne postoji,Antioch
79,8,2020-04-11,3,2020-04-14,102,Marina Pavičić (Rems1949),Odbijena,Borislav Novak,Leona Duvnjak,Štefanija Crnić,ne postoji,ne postoji,ne postoji,ne postoji,ne postoji,Pace
80,49,2020-02-15,12,2020-02-27,312,Draženka Popović (Siled1976),Odbijena,Kristijan Đurić,Jasminka Jukić,ne postoji,ne postoji,ne postoji,ne postoji,ne postoji,ne postoji,Philadelphia
81,27,2022-04-13,7,2022-04-20,210,Silvija Jović (Whersuch),Prihvacena,Sanela Matković,ne postoji,ne postoji,ne postoji,ne postoji,ne postoji,ne postoji,ne postoji,Charlotte
82,7,2021-10-08,5,2021-10-13,160,Marina Pavičić (Rems1949),Zavrsena,Nadica Tkalčić,ne postoji,ne postoji,ne postoji,ne postoji,ne postoji,ne postoji,ne postoji,Southfield
83,42,2021-01-09,8,2021-01-17,256,Držislav Hrvatin (Whily1995),Zavrsena,Snežana Bošnjak,Matea Šimunović,Pribislav Bosanac,Davorin Petković,Živka Ivanković,ne postoji,ne postoji,ne postoji,Fremont
84,20,2022-10-03,3,2022-10-06,96,Tomica Marinović (Rundepress),Prihvacena,Maria Ivanković,ne postoji,ne postoji,ne postoji,ne postoji,ne postoji,ne postoji,ne postoji,Copperas Cove
85,53,2022-01-03,13,2022-01-16,364,Svetoslav Kovačević (Brod1966),Zavrsena,Veselko Pavić,ne postoji,ne postoji,ne postoji,ne postoji,ne postoji,ne postoji,ne postoji,Cambridge
86,7,2022-08-09,11,2022-08-20,352,Viktor Obad (Andoweent),Prihvacena,Mladen Pejić,ne postoji,ne postoji,ne postoji,ne postoji,ne postoji,ne postoji,ne postoji,Southfield
87,70,2022-11-25,12,2023-00-07,312,Ozren Jovanović (Quichaved),Kreirana,Darko Stanić,Grgur Perković,ne postoji,ne postoji,ne postoji,ne postoji,ne postoji,ne postoji,Laurinburg
88,66,2022-10-14,13,2022-10-27,364,Hana Perković (Theregan),Prihvacena,ne postoji,ne postoji,ne postoji,ne postoji,ne postoji,ne postoji,ne postoji,ne postoji,Bluffton
89,26,2022-01-21,12,2022-02-02,360,Pavo Matić (Stered),Odustanak,ne postoji,ne postoji,ne postoji,ne postoji,ne postoji,ne postoji,ne postoji,ne postoji,Fremont
92,26,2021-12-23,8,2021-12-31,240,Krunoslav Lovrić (Offera91),Zavrsena,ne postoji,ne postoji,ne postoji,ne postoji,ne postoji,ne postoji,ne postoji,ne postoji,Fremont
93,99,2022-08-08,2,2022-08-10,78,Miro Vidaković (Haided),Kreirana,Božo Brkić,Sanela Matković,Đurđa Petković,Sara Miletić,Ksenija Ivanković,Dorotea Nikolić,Berivoj Marušić,Elvis Kolar,Rochester
94,4,2020-10-20,8,2020-10-28,264,Tomica Marinović (Rundepress),Odustanak,Diana Jurić,Zrina Jurišić,Mihovil Kovačić,Blago Obad,Blago Obad,ne postoji,ne postoji,ne postoji,Burr Ridge
95,29,2021-04-02,7,2021-04-09,182,Tonka Ivanović (Upow1988),Odbijena,ne postoji,ne postoji,ne postoji,ne postoji,ne postoji,ne postoji,ne postoji,ne postoji,Marysville
96,25,2021-11-11,9,2021-11-20,252,Ivo Hrvat (Joaroarry),Zavrsena,Saša Jukić,ne postoji,ne postoji,ne postoji,ne postoji,ne postoji,ne postoji,ne postoji,Warminster
97,53,2022-09-14,9,2022-09-23,252,Paula Martinović (Copenty),Prihvacena,Alen Pavlović,ne postoji,ne postoji,ne postoji,ne postoji,ne postoji,ne postoji,ne postoji,Cambridge
98,68,2021-04-04,9,2021-04-13,315,Mojmir Bačić (Liet1998),Odbijena,Desimir Novaković,Zdenka Kralj,ne postoji,ne postoji,ne postoji,ne postoji,ne postoji,ne postoji,Pace
99,91,2020-06-16,15,2020-07-01,525,Krunoslav Lovrić (Offera91),Zavrsena,Dragana Kovač,Mihovil Kovačić,ne postoji,ne postoji,ne postoji,ne postoji,ne postoji,ne postoji,Bluffton
100,54,2021-07-13,11,2021-07-24,341,Doris Marković (Anxich),Zavrsena,Darko Stanić,Tamara Novosel,Matej Perković,Bernarda Matković,Karlo Marjanović,Leon Bašić,Ana Živković,Dunja Marić,Laurinburg
101,80,2020-04-11,3,2020-04-14,90,Ivo Hrvat (Joaroarry),Odustanak,Kristijan Đurić,ne postoji,ne postoji,ne postoji,ne postoji,ne postoji,ne postoji,ne postoji,Pace
102,22,2022-10-09,8,2022-10-17,248,Slavica Tomić (Lythe1989),Kreirana,Aleksandra Duvnjak,Desimir Novaković,Ratko Tomić,Milenko Jozić,Ognjen Marjanović,ne postoji,ne postoji,ne postoji,Burr Ridge
103,48,2020-01-05,14,2020-01-19,462,Miro Vidaković (Haided),Odbijena,Bernarda Matković,Antonio Živković,ne postoji,ne postoji,ne postoji,ne postoji,ne postoji,ne postoji,Fremont
104,14,2021-09-07,4,2021-09-11,104,Mojmir Bačić (Liet1998),Zavrsena,Cvjetko Zagorec,ne postoji,ne postoji,ne postoji,ne postoji,ne postoji,ne postoji,ne postoji,Rochester
105,56,2022-10-23,3,2022-10-26,78,Draženka Popović (Siled1976),Prihvacena,ne postoji,ne postoji,ne postoji,ne postoji,ne postoji,ne postoji,ne postoji,ne postoji,Carroll
106,15,2022-01-10,4,2022-01-14,112,Maja Grubišić (Farretionly),Zavrsena,Robert Pejić,Mirjana Mihaljević,ne postoji,ne postoji,ne postoji,ne postoji,ne postoji,ne postoji,Bluffton
107,49,2020-05-01,1,2020-05-02,26,Antonija Radić (Abires1959),Zavrsena,Mateja Obad,Berivoj Marušić,ne postoji,ne postoji,ne postoji,ne postoji,ne postoji,ne postoji,Philadelphia
108,84,2020-04-11,8,2020-04-19,192,Jakov Zagorec (Pletent49),Odbijena,Višeslav Perić,Ljubomir Marić,ne postoji,ne postoji,ne postoji,ne postoji,ne postoji,ne postoji,Vancouver
109,54,2022-03-04,4,2022-03-08,124,Ozren Jovanović (Quichaved),Kreirana,Matea Šimunović,Diana Jurić,Kristijan Đurić,Ivana Perković,Mihovil Kovačić,Robert Pejić,Pribislav Bosanac,Sanela Matković,Laurinburg
110,13,2021-11-08,15,2021-11-23,480,Slavoljub Babić (Hatishe1976),Odbijena,Đurđa Petković,Mirjana Mihaljević,ne postoji,ne postoji,ne postoji,ne postoji,ne postoji,ne postoji,Philadelphia
111,59,2022-07-19,10,2022-07-29,320,Mojmir Bačić (Liet1998),Kreirana,ne postoji,ne postoji,ne postoji,ne postoji,ne postoji,ne postoji,ne postoji,ne postoji,Boston
113,43,2021-08-18,2,2021-08-20,60,Viktor Obad (Andoweent),Odustanak,Blagica Posavec,Sanela Matković,ne postoji,ne postoji,ne postoji,ne postoji,ne postoji,ne postoji,Everett
114,3,2021-03-17,11,2021-03-28,330,Blaženka Novosel (Peaske),Odustanak,Davorin Petković,Dražan Katić,Budimir Jerković,ne postoji,ne postoji,ne postoji,ne postoji,ne postoji,Antioch
115,61,2022-11-18,1,2022-11-19,22,Mojmir Bačić (Liet1998),Prihvacena,Marica Pranjić,ne postoji,ne postoji,ne postoji,ne postoji,ne postoji,ne postoji,ne postoji,Grant
116,95,2020-06-27,1,2020-06-28,30,Jasmina Dujmović (Hoset1970),Zavrsena,ne postoji,ne postoji,ne postoji,ne postoji,ne postoji,ne postoji,ne postoji,ne postoji,Copperas Cove
118,48,2021-11-14,3,2021-11-17,99,Ivo Hrvat (Joaroarry),Odbijena,Vjeran Živković,Bogdana Matić,ne postoji,ne postoji,ne postoji,ne postoji,ne postoji,ne postoji,Fremont
119,0,2022-03-04,1,2022-03-05,30,Ivo Hrvat (Joaroarry),Prihvacena,Slavko Perković,Stjepan Vukelić,Luka Milić,ne postoji,ne postoji,ne postoji,ne postoji,ne postoji,Copperas Cove
120,27,2021-04-11,13,2021-04-24,390,Paula Martinović (Copenty),Zavrsena,Dražan Katić,ne postoji,ne postoji,ne postoji,ne postoji,ne postoji,ne postoji,ne postoji,Charlotte
121,60,2022-08-04,7,2022-08-11,168,Anto Bačić (Calkich),Kreirana,Elena Miletić,Ana Popović,ne postoji,ne postoji,ne postoji,ne postoji,ne postoji,ne postoji,Antioch
122,49,2020-08-14,9,2020-08-23,234,Tereza Knežević (Cater1966),Zavrsena,Višeslav Perić,Zdenka Kralj,ne postoji,ne postoji,ne postoji,ne postoji,ne postoji,ne postoji,Philadelphia
123,66,2021-02-11,3,2021-02-14,84,Krunoslav Lovrić (Offera91),Odustanak,ne postoji,ne postoji,ne postoji,ne postoji,ne postoji,ne postoji,ne postoji,ne postoji,Bluffton
124,80,2020-09-23,9,2020-10-02,270,Slavica Tomić (Lythe1989),Odustanak,Karlo Marjanović,ne postoji,ne postoji,ne postoji,ne postoji,ne postoji,ne postoji,ne postoji,Pace
125,27,2021-10-04,5,2021-10-09,150,Jasmin Bošnjak (Staided),Zavrsena,Teha Rukavina,ne postoji,ne postoji,ne postoji,ne postoji,ne postoji,ne postoji,ne postoji,Charlotte
126,79,2020-01-13,13,2020-01-26,442,Nenad Cindrić (Thermised02),Odbijena,Ljiljana Matković,Jasminka Jukić,Višeslav Perić,Grgur Perković,Danijela Jurišić,ne postoji,ne postoji,ne postoji,Bluffton
127,75,2020-04-16,6,2020-04-22,180,Viktor Obad (Andoweent),Odustanak,Antonio Živković,ne postoji,ne postoji,ne postoji,ne postoji,ne postoji,ne postoji,ne postoji,Copperas Cove
128,52,2022-06-06,7,2022-06-13,259,Maja Grubišić (Farretionly),Prihvacena,Ana Kos,Milica Petković,Milenko Jozić,Borislav Novak,Stjepan Vukelić,ne postoji,ne postoji,ne postoji,Laurinburg
129,10,2021-11-15,9,2021-11-24,252,Grgur Barišić (Whons1950),Odbijena,ne postoji,ne postoji,ne postoji,ne postoji,ne postoji,ne postoji,ne postoji,ne postoji,Fremont
130,65,2021-02-08,8,2021-02-16,256,Doris Marković (Anxich),Odbijena,ne postoji,ne postoji,ne postoji,ne postoji,ne postoji,ne postoji,ne postoji,ne postoji,Everett
131,58,2021-12-04,12,2021-12-16,384,Ozren Jovanović (Quichaved),Odustanak,Zrina Stanić,ne postoji,ne postoji,ne postoji,ne postoji,ne postoji,ne postoji,ne postoji,Fremont
133,53,2020-12-11,8,2020-12-19,224,Grgur Barišić (Whons1950),Odbijena,Tomislav Jelić,ne postoji,ne postoji,ne postoji,ne postoji,ne postoji,ne postoji,ne postoji,Cambridge
134,15,2022-08-09,11,2022-08-20,308,Ivan Vuković (Quared67),Prihvacena,Milenko Jozić,Bogdan Jukić,ne postoji,ne postoji,ne postoji,ne postoji,ne postoji,ne postoji,Bluffton
135,64,2020-12-12,8,2020-12-20,328,Božidarka Kralj (Worge1966),Odbijena,Sanela Matković,Tereza Janković,ne postoji,ne postoji,ne postoji,ne postoji,ne postoji,ne postoji,Burr Ridge
136,6,2021-01-05,14,2021-01-19,308,Jakov Zagorec (Pletent49),Odbijena,Kažimir Pavičić,ne postoji,ne postoji,ne postoji,ne postoji,ne postoji,ne postoji,ne postoji,Warminster
137,33,2021-10-12,6,2021-10-18,246,Hana Perković (Theregan),Zavrsena,Leona Duvnjak,Leonardo Jakšić,ne postoji,ne postoji,ne postoji,ne postoji,ne postoji,ne postoji,Bluffton
138,88,2020-07-08,10,2020-07-18,240,Đurđica Matković (Ploust69),Zavrsena,ne postoji,ne postoji,ne postoji,ne postoji,ne postoji,ne postoji,ne postoji,ne postoji,Philadelphia
139,28,2020-12-12,9,2020-12-21,216,Zdenko Vidović (Camesquill),Odbijena,Ljubomir Marić,Danijela Vidaković,ne postoji,ne postoji,ne postoji,ne postoji,ne postoji,ne postoji,Fremont
140,32,2022-09-22,7,2022-09-29,210,Tereza Knežević (Cater1966),Kreirana,ne postoji,ne postoji,ne postoji,ne postoji,ne postoji,ne postoji,ne postoji,ne postoji,Cambridge
141,73,2021-01-23,3,2021-01-26,90,Elena Jovanović (Otibitepar),Odustanak,Neven Novaković,ne postoji,ne postoji,ne postoji,ne postoji,ne postoji,ne postoji,ne postoji,Philadelphia
142,97,2022-12-17,1,2022-12-18,33,Držislav Hrvatin (Whily1995),Kreirana,Dubravka Tadić,Dubravka Lovrić,ne postoji,ne postoji,ne postoji,ne postoji,ne postoji,ne postoji,Garden City
143,19,2020-12-22,4,2020-12-26,88,Jakov Zagorec (Pletent49),Odustanak,Božo Varga,ne postoji,ne postoji,ne postoji,ne postoji,ne postoji,ne postoji,ne postoji,Grant
144,37,2022-01-09,9,2022-01-18,306,Pavo Matić (Stered),Odbijena,Dunja Marić,ne postoji,ne postoji,ne postoji,ne postoji,ne postoji,ne postoji,ne postoji,Carroll
145,99,2020-01-17,13,2020-01-30,507,Mojmir Bačić (Liet1998),Zavrsena,Stanka Grgić,Matija Hrvatin,Ana Živković,Mihovil Kovačić,Milenko Jozić,Dragana Lučić,Roko Stipanov,Iva Ivančić,Rochester
146,29,2021-05-01,7,2021-05-08,182,Zdenko Vidović (Camesquill),Odustanak,ne postoji,ne postoji,ne postoji,ne postoji,ne postoji,ne postoji,ne postoji,ne postoji,Marysville
147,84,2022-07-24,8,2022-08-01,192,Emil Ivanović (Himmenting),Kreirana,Matija Hrvatin,Borislav Novak,ne postoji,ne postoji,ne postoji,ne postoji,ne postoji,ne postoji,Vancouver
148,67,2021-10-18,4,2021-10-22,148,Viktor Obad (Andoweent),Zavrsena,Davorin Petković,Mijo Miletić,ne postoji,ne postoji,ne postoji,ne postoji,ne postoji,ne postoji,Southfield
149,82,2022-07-20,5,2022-07-25,140,Tereza Knežević (Cater1966),Prihvacena,Stjepan Vukelić,ne postoji,ne postoji,ne postoji,ne postoji,ne postoji,ne postoji,ne postoji,Southfield
150,90,2021-02-24,7,2021-03-03,217,Davor Blažević (Thichimphed),Odbijena,Vjeran Živković,Gojko Ivanec,ne postoji,ne postoji,ne postoji,ne postoji,ne postoji,ne postoji,Fremont
151,36,2020-10-27,10,2020-11-06,320,Antonija Radić (Abires1959),Odbijena,ne postoji,ne postoji,ne postoji,ne postoji,ne postoji,ne postoji,ne postoji,ne postoji,Copperas Cove
152,99,2020-04-03,1,2020-04-04,39,Vinko Horvat (Resprommed),Odustanak,Šimun Delić,Perica Grgić,Davorin Petković,Elena Miletić,Darko Stanić,Desimir Novaković,Luka Milić,Dunja Marić,Rochester
153,58,2020-08-07,9,2020-08-16,288,Vinko Horvat (Resprommed),Odustanak,Leona Duvnjak,ne postoji,ne postoji,ne postoji,ne postoji,ne postoji,ne postoji,ne postoji,Fremont
154,70,2022-09-23,6,2022-09-29,156,Sanja Vuković (Ariend),Prihvacena,Tamara Kovačević,Dubravka Tadić,ne postoji,ne postoji,ne postoji,ne postoji,ne postoji,ne postoji,Laurinburg
155,85,2020-08-12,5,2020-08-17,175,Tereza Knežević (Cater1966),Odbijena,Veselko Pavić,Ivana Perković,ne postoji,ne postoji,ne postoji,ne postoji,ne postoji,ne postoji,Everett
156,68,2020-03-14,15,2020-03-29,525,Miro Vidaković (Haided),Odbijena,Tamara Novosel,Snežana Bošnjak,ne postoji,ne postoji,ne postoji,ne postoji,ne postoji,ne postoji,Pace
157,12,2021-12-27,5,2022-00-01,140,Grgur Barišić (Whons1950),Zavrsena,ne postoji,ne postoji,ne postoji,ne postoji,ne postoji,ne postoji,ne postoji,ne postoji,Vancouver
158,28,2020-11-06,11,2020-11-17,264,Tomica Marinović (Rundepress),Odustanak,Živka Ivanković,Robert Pejić,ne postoji,ne postoji,ne postoji,ne postoji,ne postoji,ne postoji,Fremont
159,53,2021-04-17,13,2021-04-30,364,Elena Jovanović (Otibitepar),Odustanak,Zlatko Topić,ne postoji,ne postoji,ne postoji,ne postoji,ne postoji,ne postoji,ne postoji,Cambridge
160,82,2022-02-16,9,2022-02-25,252,Slavica Tomić (Lythe1989),Prihvacena,Velimir Klarić,ne postoji,ne postoji,ne postoji,ne postoji,ne postoji,ne postoji,ne postoji,Southfield
161,54,2022-10-22,15,2022-11-06,465,Iva Lončar (Hund1986),Kreirana,Matea Šimunović,Ivana Perković,Andrea Pavić,Božo Varga,Ana Živković,Davorin Petković,Dubravka Lovrić,Matija Mikulić,Laurinburg
162,10,2020-09-23,1,2020-09-24,28,Dalibor Jurković (Staket1943),Odustanak,ne postoji,ne postoji,ne postoji,ne postoji,ne postoji,ne postoji,ne postoji,ne postoji,Fremont
163,89,2020-06-23,2,2020-06-25,52,Miro Vidaković (Haided),Zavrsena,Pribislav Bosanac,Elena Petković,ne postoji,ne postoji,ne postoji,ne postoji,ne postoji,ne postoji,Rochester
164,59,2021-12-12,10,2021-12-22,320,Zdenka Novosel (Hercerays),Odustanak,ne postoji,ne postoji,ne postoji,ne postoji,ne postoji,ne postoji,ne postoji,ne postoji,Boston
165,50,2022-09-17,13,2022-09-30,364,Jasmina Dujmović (Hoset1970),Kreirana,Mirjana Mihaljević,ne postoji,ne postoji,ne postoji,ne postoji,ne postoji,ne postoji,ne postoji,Everett
166,54,2021-10-21,3,2021-10-24,93,Zdenka Novosel (Hercerays),Odbijena,Velimir Klarić,Davorin Petković,Velimir Klarić,Dragana Lučić,Bernarda Matković,Zlatko Topić,Alen Pavlović,Zlatko Topić,Laurinburg
167,57,2021-12-08,4,2021-12-12,112,Mislav Tomić (Elbectern),Odustanak,Tamara Novosel,Božo Brkić,Božo Varga,Elizabeta Poljak,Leona Duvnjak,ne postoji,ne postoji,ne postoji,Antioch
168,51,2021-10-15,15,2021-10-30,615,Silvija Jović (Whersuch),Odustanak,Tamara Novosel,Darijo Janković,ne postoji,ne postoji,ne postoji,ne postoji,ne postoji,ne postoji,Copperas Cove
169,91,2020-03-20,1,2020-03-21,35,Grgur Barišić (Whons1950),Odbijena,Sara Miletić,Mladen Pejić,ne postoji,ne postoji,ne postoji,ne postoji,ne postoji,ne postoji,Bluffton
170,91,2020-08-16,15,2020-08-31,525,Zdravka Rukavina (Bliguld),Zavrsena,Dragana Lučić,Nina Horvatinčić,ne postoji,ne postoji,ne postoji,ne postoji,ne postoji,ne postoji,Bluffton
171,54,2021-02-01,10,2021-02-11,310,Draženka Popović (Siled1976),Zavrsena,Ranko Mikulić,Dragutin Kralj,Višeslav Perić,Danijela Vidaković,Blago Janković,Perica Grgić,Marica Pranjić,Božo Brkić,Laurinburg
172,2,2021-11-02,15,2021-11-17,480,Jakov Zagorec (Pletent49),Zavrsena,ne postoji,ne postoji,ne postoji,ne postoji,ne postoji,ne postoji,ne postoji,ne postoji,Cambridge
173,14,2022-06-09,15,2022-06-24,390,Hana Perković (Theregan),Kreirana,Šimun Delić,ne postoji,ne postoji,ne postoji,ne postoji,ne postoji,ne postoji,ne postoji,Rochester
174,51,2022-02-18,11,2022-03-01,451,Tomica Marinović (Rundepress),Prihvacena,Teha Rukavina,Andrea Vidaković,ne postoji,ne postoji,ne postoji,ne postoji,ne postoji,ne postoji,Copperas Cove
175,67,2020-02-08,3,2020-02-11,111,Blaženka Novosel (Peaske),Odustanak,Mihovil Kovačić,Leona Brkić,ne postoji,ne postoji,ne postoji,ne postoji,ne postoji,ne postoji,Southfield
176,54,2021-09-09,2,2021-09-11,62,Nenad Cindrić (Thermised02),Odbijena,Budimir Jerković,Milenko Jozić,Tihomil Ivančić,Leona Brkić,Daniel Pavlović,Blago Obad,Ljiljana Matković,Roko Stipanov,Laurinburg
177,25,2020-06-05,6,2020-06-11,168,Anto Bačić (Calkich),Odbijena,Dražan Katić,ne postoji,ne postoji,ne postoji,ne postoji,ne postoji,ne postoji,ne postoji,Warminster
178,51,2020-02-13,5,2020-02-18,205,Viktor Obad (Andoweent),Odustanak,Ana Živković,Davorin Petković,ne postoji,ne postoji,ne postoji,ne postoji,ne postoji,ne postoji,Copperas Cove
179,4,2021-03-02,3,2021-03-05,99,Paula Martinović (Copenty),Zavrsena,Velimir Klarić,Dorotea Nikolić,Nikola Klarić,Anja Marković,Dražan Katić,ne postoji,ne postoji,ne postoji,Burr Ridge
180,93,2020-09-02,4,2020-09-06,104,Slavoljub Babić (Hatishe1976),Odustanak,Matija Hrvatin,ne postoji,ne postoji,ne postoji,ne postoji,ne postoji,ne postoji,ne postoji,Pace
181,12,2021-09-17,14,2021-10-01,392,Olga Radić (Therver),Odbijena,ne postoji,ne postoji,ne postoji,ne postoji,ne postoji,ne postoji,ne postoji,ne postoji,Vancouver
182,48,2020-09-16,1,2020-09-17,33,Držislav Hrvatin (Whily1995),Odbijena,Dražan Katić,Dubravka Lovrić,ne postoji,ne postoji,ne postoji,ne postoji,ne postoji,ne postoji,Fremont
183,58,2022-05-23,10,2022-06-02,320,Vjekoslav Petrović (Poseveropme),Prihvacena,Božo Varga,ne postoji,ne postoji,ne postoji,ne postoji,ne postoji,ne postoji,ne postoji,Fremont
184,86,2020-10-26,5,2020-10-31,180,Dejan Jukić (Anscialtat),Zavrsena,Matija Mikulić,ne postoji,ne postoji,ne postoji,ne postoji,ne postoji,ne postoji,ne postoji,Warminster
185,8,2021-07-23,2,2021-07-25,68,Pavo Matić (Stered),Odustanak,Pribislav Bosanac,Tamara Kovačević,Robert Pejić,ne postoji,ne postoji,ne postoji,ne postoji,ne postoji,Pace
186,39,2022-06-24,12,2022-07-06,468,Pavo Matić (Stered),Prihvacena,Tuga Čerkez,Bogdan Jukić,Vjeran Živković,testname testlname,Božo Brkić,ne postoji,ne postoji,ne postoji,Boston
187,2,2022-02-07,14,2022-02-21,448,Slavica Tomić (Lythe1989),Prihvacena,ne postoji,ne postoji,ne postoji,ne postoji,ne postoji,ne postoji,ne postoji,ne postoji,Cambridge
188,35,2022-02-24,10,2022-03-06,240,Jasmina Dujmović (Hoset1970),Kreirana,Elena Miletić,ne postoji,ne postoji,ne postoji,ne postoji,ne postoji,ne postoji,ne postoji,Grant
189,23,2022-01-21,6,2022-01-27,168,Emil Ivanović (Himmenting),Zavrsena,Dragana Kovač,ne postoji,ne postoji,ne postoji,ne postoji,ne postoji,ne postoji,ne postoji,Antioch
190,52,2020-01-07,3,2020-01-10,111,Marina Pavičić (Rems1949),Odustanak,Bogdana Matić,Mijo Miletić,Jasminka Jukić,Anja Marković,Zrina Jukić,ne postoji,ne postoji,ne postoji,Laurinburg
191,96,2022-10-23,5,2022-10-28,130,Ivo Hrvat (Joaroarry),Kreirana,ne postoji,ne postoji,ne postoji,ne postoji,ne postoji,ne postoji,ne postoji,ne postoji,Grant
192,88,2020-08-10,1,2020-08-11,24,Krunoslav Lovrić (Offera91),Odustanak,ne postoji,ne postoji,ne postoji,ne postoji,ne postoji,ne postoji,ne postoji,ne postoji,Philadelphia
193,58,2020-07-01,14,2020-07-15,448,Miro Vidaković (Haided),Odustanak,Dorotea Nikolić,ne postoji,ne postoji,ne postoji,ne postoji,ne postoji,ne postoji,ne postoji,Fremont
195,44,2021-01-08,11,2021-01-19,429,Draženka Popović (Siled1976),Zavrsena,Blago Obad,Božo Varga,ne postoji,ne postoji,ne postoji,ne postoji,ne postoji,ne postoji,Warminster
196,0,2020-11-07,11,2020-11-18,330,Milena Barić (Luctly1975),Zavrsena,Elvis Kolar,Andrea Vidaković,Darijo Mandić,ne postoji,ne postoji,ne postoji,ne postoji,ne postoji,Copperas Cove
197,46,2020-04-17,3,2020-04-20,102,Mojmir Bačić (Liet1998),Odustanak,Mihovil Kovačić,Bernarda Matković,Blago Obad,Budimir Jerković,Vedrana Matijević,ne postoji,ne postoji,ne postoji,Fremont
198,57,2022-08-03,9,2022-08-12,252,Jasmina Dujmović (Hoset1970),Prihvacena,Borislav Novak,Tihomil Jerković,Darko Stanić,Grgur Perković,Elena Miletić,ne postoji,ne postoji,ne postoji,Antioch
199,37,2020-07-25,11,2020-08-05,374,Olga Radić (Execonverve),Odbijena,Ognjen Marjanović,ne postoji,ne postoji,ne postoji,ne postoji,ne postoji,ne postoji,ne postoji,Carroll
200,97,2020-10-12,3,2020-10-15,99,Doris Marković (Anxich),Odbijena,Iva Ivančić,Desimir Novaković,ne postoji,ne postoji,ne postoji,ne postoji,ne postoji,ne postoji,Garden City
201,26,2021-02-08,9,2021-02-17,270,Jasmin Bošnjak (Staided),Zavrsena,ne postoji,ne postoji,ne postoji,ne postoji,ne postoji,ne postoji,ne postoji,ne postoji,Fremont
202,76,2022-05-04,12,2022-05-16,312,Tomica Marinović (Rundepress),Prihvacena,Saša Jukić,Tihomil Ivančić,ne postoji,ne postoji,ne postoji,ne postoji,ne postoji,ne postoji,Pace
203,75,2020-12-20,11,2020-12-31,330,Držislav Hrvatin (Whily1995),Odbijena,Štefanija Crnić,ne postoji,ne postoji,ne postoji,ne postoji,ne postoji,ne postoji,ne postoji,Copperas Cove
204,89,2021-03-21,14,2021-04-04,364,Iva Lončar (Hund1986),Zavrsena,Tomislav Jelić,Mateja Obad,ne postoji,ne postoji,ne postoji,ne postoji,ne postoji,ne postoji,Rochester
205,4,2020-04-25,6,2020-05-01,198,Tuga Jovanović (Capils),Zavrsena,Dunja Marić,Karlo Marjanović,Lidija Crnić,Velimir Klarić,Dorotea Nikolić,ne postoji,ne postoji,ne postoji,Burr Ridge
206,65,2022-11-24,5,2022-11-29,160,Gordan Brkić (Brobbegreare),Kreirana,ne postoji,ne postoji,ne postoji,ne postoji,ne postoji,ne postoji,ne postoji,ne postoji,Everett
207,99,2021-11-16,5,2021-11-21,195,Milenko Marjanović (Mothesseze),Odustanak,Darijo Mandić,Pribislav Bosanac,Elena Miletić,Božo Varga,Matija Hrvatin,Leon Bašić,Divna Topić,Blago Janković,Rochester
208,92,2022-08-02,10,2022-08-12,260,Berislava Bošnjak (Alose1972),Prihvacena,Tomislav Jelić,Štefanija Crnić,Diana Jurić,Elena Miletić,Martina Popović,ne postoji,ne postoji,ne postoji,Vancouver
209,98,2021-07-02,3,2021-07-05,117,Iva Lončar (Hund1986),Odbijena,Daniel Pavlović,Elena Miletić,ne postoji,ne postoji,ne postoji,ne postoji,ne postoji,ne postoji,Carroll
210,53,2022-12-25,11,2023-00-05,308,Slavoljub Babić (Hatishe1976),Prihvacena,Elvis Kolar,ne postoji,ne postoji,ne postoji,ne postoji,ne postoji,ne postoji,ne postoji,Cambridge
211,35,2020-06-06,8,2020-06-14,192,Sanja Vuković (Ariend),Zavrsena,Senka Jozić,ne postoji,ne postoji,ne postoji,ne postoji,ne postoji,ne postoji,ne postoji,Grant
212,55,2022-07-13,9,2022-07-22,324,Ozren Jovanović (Quichaved),Prihvacena,Ana Kos,Jasminka Ćosić,Dubravka Lovrić,Sanela Matković,Siniša Petrović,ne postoji,ne postoji,ne postoji,Bluffton
213,52,2022-01-02,9,2022-01-11,333,Viktor Obad (Andoweent),Odustanak,Kristijan Đurić,Spomenka Mihaljević,Bogdan Jukić,Ljubomir Marić,Dragana Lučić,ne postoji,ne postoji,ne postoji,Laurinburg
214,70,2021-02-17,8,2021-02-25,208,Zdenka Novosel (Hercerays),Zavrsena,Blago Obad,Leona Brkić,ne postoji,ne postoji,ne postoji,ne postoji,ne postoji,ne postoji,Laurinburg
215,96,2021-01-06,14,2021-01-20,364,Neda Stolar (Woured),Odustanak,ne postoji,ne postoji,ne postoji,ne postoji,ne postoji,ne postoji,ne postoji,ne postoji,Grant
216,54,2022-08-25,10,2022-09-04,310,Sanja Vuković (Ariend),Prihvacena,Blagica Posavec,Leonardo Jakšić,Marica Pranjić,Šimun Delić,Siniša Petrović,Berivoj Marušić,Matija Hrvatin,Tihomil Jerković,Laurinburg
217,44,2022-12-06,6,2022-12-12,234,Pavo Matić (Stered),Kreirana,Dorotea Nikolić,Mladen Pejić,ne postoji,ne postoji,ne postoji,ne postoji,ne postoji,ne postoji,Warminster
218,93,2022-03-23,11,2022-04-03,286,Nenad Cindrić (Thermised02),Prihvacena,Darijo Mandić,ne postoji,ne postoji,ne postoji,ne postoji,ne postoji,ne postoji,ne postoji,Pace
219,55,2020-11-16,2,2020-11-18,72,Dalibor Jurković (Staket1943),Zavrsena,Andrea Pavić,Kristijan Đurić,Matija Mikulić,Danijela Jurišić,Alen Pavlović,ne postoji,ne postoji,ne postoji,Bluffton
220,82,2020-08-01,14,2020-08-15,392,Davor Blažević (Thichimphed),Odbijena,Stjepan Vukelić,ne postoji,ne postoji,ne postoji,ne postoji,ne postoji,ne postoji,ne postoji,Southfield
221,13,2022-01-26,9,2022-02-04,288,Patricija Janković (Lairger),Odbijena,Elizabeta Poljak,Milica Petković,ne postoji,ne postoji,ne postoji,ne postoji,ne postoji,ne postoji,Philadelphia
222,63,2022-11-06,3,2022-11-09,66,Krunoslav Lovrić (Offera91),Prihvacena,Ognjen Marjanović,Luka Milić,ne postoji,ne postoji,ne postoji,ne postoji,ne postoji,ne postoji,Bluffton
223,71,2020-01-08,3,2020-01-11,78,Petar Lončar (Thoromem),Zavrsena,Leona Brkić,ne postoji,ne postoji,ne postoji,ne postoji,ne postoji,ne postoji,ne postoji,Charlotte
224,2,2020-01-21,9,2020-01-30,288,Elena Jovanović (Otibitepar),Odbijena,ne postoji,ne postoji,ne postoji,ne postoji,ne postoji,ne postoji,ne postoji,ne postoji,Cambridge
225,69,2020-01-16,15,2020-01-31,480,Antonija Radić (Abires1959),Odbijena,Nika Tadić,ne postoji,ne postoji,ne postoji,ne postoji,ne postoji,ne postoji,ne postoji,Bluffton
226,9,2022-07-15,15,2022-07-30,615,Olga Radić (Therver),Prihvacena,Mladen Pejić,Elena Petković,Damir Ćosić,Elena Miletić,Marica Pranjić,ne postoji,ne postoji,ne postoji,Marysville
227,72,2022-01-03,5,2022-01-08,155,Grgur Barišić (Whons1950),Odustanak,Anja Marković,Mirjana Mihaljević,Berivoj Marušić,Nikola Klarić,Mijo Miletić,Elvis Kolar,Matea Šimunović,Božo Varga,Copperas Cove
228,10,2021-04-09,8,2021-04-17,224,Viktor Obad (Andoweent),Zavrsena,ne postoji,ne postoji,ne postoji,ne postoji,ne postoji,ne postoji,ne postoji,ne postoji,Fremont
229,85,2021-03-12,3,2021-03-15,105,Đurđica Matković (Ploust69),Odbijena,Mirjana Mihaljević,Leon Bašić,ne postoji,ne postoji,ne postoji,ne postoji,ne postoji,ne postoji,Everett
230,32,2020-03-19,4,2020-03-23,120,Đurđica Matković (Ploust69),Odustanak,ne postoji,ne postoji,ne postoji,ne postoji,ne postoji,ne postoji,ne postoji,ne postoji,Cambridge
231,66,2020-04-09,5,2020-04-14,140,Radojka Milić (Desed2000),Odustanak,ne postoji,ne postoji,ne postoji,ne postoji,ne postoji,ne postoji,ne postoji,ne postoji,Bluffton
232,47,2020-09-12,13,2020-09-25,507,Tuga Jovanović (Capils),Zavrsena,Zlatko Topić,Kristijan Đurić,ne postoji,ne postoji,ne postoji,ne postoji,ne postoji,ne postoji,Philadelphia
233,70,2020-06-06,11,2020-06-17,286,Blaženka Novosel (Peaske),Odbijena,Desimir Novaković,Damir Ćosić,ne postoji,ne postoji,ne postoji,ne postoji,ne postoji,ne postoji,Laurinburg
234,8,2020-10-22,9,2020-10-31,306,Zdenko Vidović (Camesquill),Odbijena,Tereza Janković,Mislav Marković,Kristijan Đurić,ne postoji,ne postoji,ne postoji,ne postoji,ne postoji,Pace
235,63,2021-08-05,13,2021-08-18,286,Elena Jovanović (Otibitepar),Odbijena,Darko Stanić,Snežana Bošnjak,ne postoji,ne postoji,ne postoji,ne postoji,ne postoji,ne postoji,Bluffton
236,39,2021-07-26,1,2021-07-27,39,Patricija Janković (Lairger),Odustanak,Antonio Živković,Blago Obad,Danijela Vidaković,Neven Novaković,Alen Pavlović,ne postoji,ne postoji,ne postoji,Boston
237,95,2021-07-06,6,2021-07-12,180,Jasmin Bošnjak (Staided),Odbijena,ne postoji,ne postoji,ne postoji,ne postoji,ne postoji,ne postoji,ne postoji,ne postoji,Copperas Cove
238,90,2022-10-19,10,2022-10-29,310,Mateo Herceg (Bobselp),Kreirana,Gojko Ivanec,Štefanija Crnić,ne postoji,ne postoji,ne postoji,ne postoji,ne postoji,ne postoji,Fremont
239,18,2022-07-07,2,2022-07-09,56,Tuga Jovanović (Capils),Prihvacena,Elvis Kolar,Đurđa Petković,Martina Popović,ne postoji,ne postoji,ne postoji,ne postoji,ne postoji,Antioch
240,93,2020-03-12,12,2020-03-24,312,Zdravka Rukavina (Bliguld),Odustanak,Ksenija Ivanković,ne postoji,ne postoji,ne postoji,ne postoji,ne postoji,ne postoji,ne postoji,Pace
241,62,2020-04-27,12,2020-05-09,396,Ranka Nikolić (Ponwas45),Odbijena,Neven Novaković,Desimir Novaković,testname testlname,Ankica Mijatović,Srećko Bosanac,Daniel Pavlović,Sara Miletić,Dorotea Nikolić,Cambridge
242,84,2020-08-22,12,2020-09-03,288,Danica Jović (Thoughty1944),Odustanak,testname testlname,Nikola Klarić,ne postoji,ne postoji,ne postoji,ne postoji,ne postoji,ne postoji,Vancouver
243,37,2022-08-03,3,2022-08-06,102,Grgur Barišić (Whons1950),Prihvacena,Diana Jurić,ne postoji,ne postoji,ne postoji,ne postoji,ne postoji,ne postoji,ne postoji,Carroll
244,20,2020-11-13,12,2020-11-25,384,Blaženka Novosel (Peaske),Odustanak,Spomenka Mihaljević,ne postoji,ne postoji,ne postoji,ne postoji,ne postoji,ne postoji,ne postoji,Copperas Cove
245,33,2021-01-26,4,2021-01-30,164,Ivona Brajković (Stoluch),Zavrsena,Snežana Bošnjak,Mijo Miletić,ne postoji,ne postoji,ne postoji,ne postoji,ne postoji,ne postoji,Bluffton
246,32,2021-05-17,8,2021-05-25,240,Mihaela Ivanković (Liend1991),Odbijena,ne postoji,ne postoji,ne postoji,ne postoji,ne postoji,ne postoji,ne postoji,ne postoji,Cambridge
247,81,2022-02-27,4,2022-03-03,128,Antonija Radić (Abires1959),Kreirana,ne postoji,ne postoji,ne postoji,ne postoji,ne postoji,ne postoji,ne postoji,ne postoji,Grant
248,38,2020-06-21,14,2020-07-05,392,Snježana Petković (Faceink),Zavrsena,Gojko Ivanec,Anja Marković,ne postoji,ne postoji,ne postoji,ne postoji,ne postoji,ne postoji,Copperas Cove
250,29,2021-08-06,1,2021-08-07,26,Miro Vidaković (Haided),Zavrsena,ne postoji,ne postoji,ne postoji,ne postoji,ne postoji,ne postoji,ne postoji,ne postoji,Marysville
251,83,2022-10-08,1,2022-10-09,34,Milenko Marjanović (Mothesseze),Kreirana,Neven Novaković,ne postoji,ne postoji,ne postoji,ne postoji,ne postoji,ne postoji,ne postoji,Antioch
252,58,2022-10-11,11,2022-10-22,352,Berislava Bošnjak (Alose1972),Prihvacena,Lidija Crnić,ne postoji,ne postoji,ne postoji,ne postoji,ne postoji,ne postoji,ne postoji,Fremont
253,51,2020-07-04,15,2020-07-19,615,Đurđica Matković (Ploust69),Zavrsena,Aleksandra Duvnjak,Matija Hrvatin,ne postoji,ne postoji,ne postoji,ne postoji,ne postoji,ne postoji,Copperas Cove
254,66,2022-01-18,12,2022-01-30,336,Pavo Matić (Stered),Odbijena,ne postoji,ne postoji,ne postoji,ne postoji,ne postoji,ne postoji,ne postoji,ne postoji,Bluffton
255,7,2020-11-09,7,2020-11-16,224,Petar Lončar (Thoromem),Odustanak,Andrea Pavić,ne postoji,ne postoji,ne postoji,ne postoji,ne postoji,ne postoji,ne postoji,Southfield
256,14,2021-06-15,13,2021-06-28,338,Patricija Janković (Lairger),Odbijena,Dorotea Nikolić,ne postoji,ne postoji,ne postoji,ne postoji,ne postoji,ne postoji,ne postoji,Rochester
257,89,2020-01-18,2,2020-01-20,52,Jakov Zagorec (Pletent49),Odustanak,Ranko Mikulić,Borislav Novak,ne postoji,ne postoji,ne postoji,ne postoji,ne postoji,ne postoji,Rochester
258,0,2020-05-23,13,2020-06-05,390,Tonka Ivanović (Upow1988),Zavrsena,Grgur Perković,Kažimir Pavičić,Siniša Petrović,ne postoji,ne postoji,ne postoji,ne postoji,ne postoji,Copperas Cove
259,46,2020-07-17,8,2020-07-25,272,Mateo Herceg (Bobselp),Zavrsena,Tihomil Jerković,Prvoslav Debeljak,Zrina Jurišić,Senka Jozić,Tamara Novosel,ne postoji,ne postoji,ne postoji,Fremont
260,48,2022-02-21,6,2022-02-27,198,Mateo Herceg (Bobselp),Kreirana,Martina Popović,Borislav Novak,ne postoji,ne postoji,ne postoji,ne postoji,ne postoji,ne postoji,Fremont
261,66,2020-10-08,13,2020-10-21,364,Mateo Herceg (Bobselp),Odustanak,ne postoji,ne postoji,ne postoji,ne postoji,ne postoji,ne postoji,ne postoji,ne postoji,Bluffton
262,98,2022-06-13,1,2022-06-14,39,Emil Ivanović (Himmenting),Kreirana,Mislav Marković,Ratko Tomić,ne postoji,ne postoji,ne postoji,ne postoji,ne postoji,ne postoji,Carroll
263,59,2021-11-03,2,2021-11-05,64,Dalibor Jurković (Staket1943),Odustanak,ne postoji,ne postoji,ne postoji,ne postoji,ne postoji,ne postoji,ne postoji,ne postoji,Boston
264,99,2020-02-02,4,2020-02-06,156,Marina Pavičić (Rems1949),Odustanak,Ognjen Šimić,Ana Kos,Kažimir Pavičić,Zrina Jukić,Ognjen Marjanović,Blago Obad,Bogdana Matić,Ana Kos,Rochester
265,42,2020-06-24,7,2020-07-01,224,Iva Lončar (Hund1986),Odustanak,Darijo Horvatinčić,Leona Brkić,Mateja Obad,Pribislav Bosanac,Ljubomir Marić,ne postoji,ne postoji,ne postoji,Fremont
266,18,2022-11-06,2,2022-11-08,56,Viktor Obad (Andoweent),Prihvacena,Dunja Marić,Zrina Jukić,Kristijan Đurić,ne postoji,ne postoji,ne postoji,ne postoji,ne postoji,Antioch
267,74,2022-11-05,6,2022-11-11,168,Miro Vidaković (Haided),Prihvacena,ne postoji,ne postoji,ne postoji,ne postoji,ne postoji,ne postoji,ne postoji,ne postoji,Fremont
268,10,2022-12-16,12,2022-12-28,336,Mojmir Bačić (Liet1998),Kreirana,ne postoji,ne postoji,ne postoji,ne postoji,ne postoji,ne postoji,ne postoji,ne postoji,Fremont
269,71,2022-04-03,1,2022-04-04,26,Tuga Petković (Incromment),Kreirana,Tuga Čerkez,ne postoji,ne postoji,ne postoji,ne postoji,ne postoji,ne postoji,ne postoji,Charlotte
270,65,2022-10-16,9,2022-10-25,288,Ranka Nikolić (Ponwas45),Prihvacena,ne postoji,ne postoji,ne postoji,ne postoji,ne postoji,ne postoji,ne postoji,ne postoji,Everett
271,80,2021-08-15,10,2021-08-25,300,Milenko Marjanović (Mothesseze),Zavrsena,Stjepan Vukelić,ne postoji,ne postoji,ne postoji,ne postoji,ne postoji,ne postoji,ne postoji,Pace
272,58,2020-11-06,1,2020-11-07,32,Silvija Jović (Whersuch),Odustanak,Darijo Mandić,ne postoji,ne postoji,ne postoji,ne postoji,ne postoji,ne postoji,ne postoji,Fremont
273,58,2020-05-06,10,2020-05-16,320,Zdravka Rukavina (Bliguld),Odustanak,Gojko Ivanec,ne postoji,ne postoji,ne postoji,ne postoji,ne postoji,ne postoji,ne postoji,Fremont
274,50,2022-07-13,14,2022-07-27,392,Đurđica Matković (Ploust69),Kreirana,Dragana Kovač,ne postoji,ne postoji,ne postoji,ne postoji,ne postoji,ne postoji,ne postoji,Everett
275,99,2022-08-23,14,2022-09-06,546,Ozren Jovanović (Quichaved),Kreirana,Diana Jurić,Tamara Novosel,Blago Janković,Nadica Tkalčić,Saša Jukić,Nikola Klarić,Veselko Pavić,Bogdan Jukić,Rochester
276,5,2022-10-04,10,2022-10-14,240,Zdravka Rukavina (Bliguld),Prihvacena,ne postoji,ne postoji,ne postoji,ne postoji,ne postoji,ne postoji,ne postoji,ne postoji,Everett
277,14,2022-03-11,13,2022-03-24,338,Petar Lončar (Thoromem),Prihvacena,Mijo Miletić,ne postoji,ne postoji,ne postoji,ne postoji,ne postoji,ne postoji,ne postoji,Rochester
278,11,2020-05-11,6,2020-05-17,180,Silvija Jović (Whersuch),Odbijena,Slavko Perković,ne postoji,ne postoji,ne postoji,ne postoji,ne postoji,ne postoji,ne postoji,Charlotte
279,35,2021-11-10,13,2021-11-23,312,Marina Pavičić (Rems1949),Odbijena,Pribislav Bosanac,ne postoji,ne postoji,ne postoji,ne postoji,ne postoji,ne postoji,ne postoji,Grant
280,24,2022-01-02,6,2022-01-08,198,Jasmina Dujmović (Hoset1970),Odustanak,Mateja Obad,Andrea Pavić,Mislav Marković,Ranko Mikulić,Elena Miletić,Srećko Bosanac,Nediljko Jerković,Spomenka Mihaljević,Everett
281,61,2022-08-11,5,2022-08-16,110,Dalibor Jurković (Staket1943),Kreirana,Tihomil Vučković,ne postoji,ne postoji,ne postoji,ne postoji,ne postoji,ne postoji,ne postoji,Grant
282,60,2020-05-03,8,2020-05-11,192,Petar Lončar (Thoromem),Zavrsena,Blago Obad,Karlo Marjanović,ne postoji,ne postoji,ne postoji,ne postoji,ne postoji,ne postoji,Antioch
283,7,2022-09-13,9,2022-09-22,288,Gordan Brkić (Brobbegreare),Prihvacena,Siniša Petrović,ne postoji,ne postoji,ne postoji,ne postoji,ne postoji,ne postoji,ne postoji,Southfield
284,55,2022-12-17,2,2022-12-19,72,Margareta Pavlović (Tionat),Prihvacena,Elizabeta Poljak,Gojko Ivanec,Ljubomir Marić,Cvjetko Zagorec,Milenko Jozić,ne postoji,ne postoji,ne postoji,Bluffton
285,92,2022-11-24,8,2023-00-02,208,Štefanija Miletić (Wiler1948),Prihvacena,Mihovil Kovačić,Siniša Petrović,Damir Ćosić,Karlo Marjanović,Mateja Obad,ne postoji,ne postoji,ne postoji,Vancouver
286,71,2022-01-02,1,2022-01-03,26,Ivo Hrvat (Joaroarry),Zavrsena,Manuela Novaković,ne postoji,ne postoji,ne postoji,ne postoji,ne postoji,ne postoji,ne postoji,Charlotte
287,21,2022-07-01,11,2022-07-12,352,Tomica Marinović (Rundepress),Prihvacena,Andrea Pavić,Roko Stipanov,Martina Popović,ne postoji,ne postoji,ne postoji,ne postoji,ne postoji,Grant
288,15,2021-04-07,2,2021-04-09,56,Ozren Jovanović (Quichaved),Odustanak,Leona Duvnjak,Divna Topić,ne postoji,ne postoji,ne postoji,ne postoji,ne postoji,ne postoji,Bluffton
289,6,2022-08-08,6,2022-08-14,132,Doris Marković (Anxich),Prihvacena,Budimir Jerković,ne postoji,ne postoji,ne postoji,ne postoji,ne postoji,ne postoji,ne postoji,Warminster
290,74,2021-02-15,5,2021-02-20,140,Viktor Obad (Andoweent),Zavrsena,ne postoji,ne postoji,ne postoji,ne postoji,ne postoji,ne postoji,ne postoji,ne postoji,Fremont
291,19,2022-12-11,4,2022-12-15,88,Miro Vidaković (Haided),Prihvacena,Berivoj Marušić,ne postoji,ne postoji,ne postoji,ne postoji,ne postoji,ne postoji,ne postoji,Grant
292,28,2022-08-04,5,2022-08-09,120,Anto Bačić (Calkich),Prihvacena,Srećko Bosanac,Perica Grgić,ne postoji,ne postoji,ne postoji,ne postoji,ne postoji,ne postoji,Fremont
293,38,2021-04-19,9,2021-04-28,252,Dalibor Jurković (Staket1943),Odbijena,Matija Mikulić,Mijo Miletić,ne postoji,ne postoji,ne postoji,ne postoji,ne postoji,ne postoji,Copperas Cove
294,40,2020-04-21,1,2020-04-22,31,Zdenko Vidović (Camesquill),Odustanak,Tereza Janković,Snežana Bošnjak,ne postoji,ne postoji,ne postoji,ne postoji,ne postoji,ne postoji,Pace
295,74,2021-08-04,8,2021-08-12,224,Milena Barić (Luctly1975),Zavrsena,ne postoji,ne postoji,ne postoji,ne postoji,ne postoji,ne postoji,ne postoji,ne postoji,Fremont
297,73,2022-12-14,6,2022-12-20,180,Božidarka Kralj (Worge1966),Kreirana,Borislav Novak,ne postoji,ne postoji,ne postoji,ne postoji,ne postoji,ne postoji,ne postoji,Philadelphia
298,32,2022-12-10,6,2022-12-16,180,Zdravka Rukavina (Bliguld),Kreirana,ne postoji,ne postoji,ne postoji,ne postoji,ne postoji,ne postoji,ne postoji,ne postoji,Cambridge
299,74,2020-01-10,7,2020-01-17,196,Vinko Horvat (Resprommed),Odustanak,ne postoji,ne postoji,ne postoji,ne postoji,ne postoji,ne postoji,ne postoji,ne postoji,Fremont
300,67,2020-12-05,12,2020-12-17,444,Svetoslav Kovačević (Brod1966),Odbijena,Tuga Čerkez,Robert Pejić,ne postoji,ne postoji,ne postoji,ne postoji,ne postoji,ne postoji,Southfield
301,38,2022-12-05,6,2022-12-11,168,Tomica Marinović (Rundepress),Prihvacena,Šimun Delić,Berivoj Marušić,ne postoji,ne postoji,ne postoji,ne postoji,ne postoji,ne postoji,Copperas Cove
302,80,2021-10-21,8,2021-10-29,240,Berislava Bošnjak (Alose1972),Odbijena,Mijo Miletić,ne postoji,ne postoji,ne postoji,ne postoji,ne postoji,ne postoji,ne postoji,Pace
303,55,2020-01-09,14,2020-01-23,504,Patricija Janković (Lairger),Odustanak,Nina Horvatinčić,Leona Brkić,Jasminka Jukić,Manuela Novaković,Maria Ivanković,ne postoji,ne postoji,ne postoji,Bluffton
304,4,2020-05-06,5,2020-05-11,165,Olga Radić (Execonverve),Odustanak,Dragutin Kralj,Sara Miletić,Senka Jozić,Matea Šimunović,Kažimir Pavičić,ne postoji,ne postoji,ne postoji,Burr Ridge
305,0,2021-02-22,3,2021-02-25,90,Mihaela Ivanković (Liend1991),Odustanak,Velimir Klarić,Bogdana Matić,testname testlname,ne postoji,ne postoji,ne postoji,ne postoji,ne postoji,Copperas Cove
306,52,2020-03-12,5,2020-03-17,185,Draženka Popović (Siled1976),Odustanak,Bogdana Matić,Prvoš Tadić,Kažimir Pavičić,Dunja Marić,Ankica Mijatović,ne postoji,ne postoji,ne postoji,Laurinburg
307,49,2020-01-18,11,2020-01-29,286,Tuga Jovanović (Capils),Odbijena,Elena Petković,Velimir Klarić,ne postoji,ne postoji,ne postoji,ne postoji,ne postoji,ne postoji,Philadelphia
308,37,2021-04-16,15,2021-05-01,510,Iva Lončar (Hund1986),Odustanak,Dražan Katić,ne postoji,ne postoji,ne postoji,ne postoji,ne postoji,ne postoji,ne postoji,Carroll
309,60,2022-12-18,15,2023-00-02,360,Paula Martinović (Copenty),Prihvacena,Senka Jozić,Mijo Miletić,ne postoji,ne postoji,ne postoji,ne postoji,ne postoji,ne postoji,Antioch
310,12,2021-11-06,7,2021-11-13,196,Neda Stolar (Woured),Odbijena,ne postoji,ne postoji,ne postoji,ne postoji,ne postoji,ne postoji,ne postoji,ne postoji,Vancouver
311,78,2021-06-17,1,2021-06-18,36,Iva Lončar (Hund1986),Odustanak,Daniel Pavlović,ne postoji,ne postoji,ne postoji,ne postoji,ne postoji,ne postoji,ne postoji,Warminster
312,83,2021-02-25,6,2021-03-03,204,Tomica Marinović (Rundepress),Odbijena,Višeslav Perić,ne postoji,ne postoji,ne postoji,ne postoji,ne postoji,ne postoji,ne postoji,Antioch
313,20,2022-12-26,5,2022-12-31,160,Sanja Vuković (Ariend),Prihvacena,Tereza Janković,ne postoji,ne postoji,ne postoji,ne postoji,ne postoji,ne postoji,ne postoji,Copperas Cove
314,11,2021-02-01,6,2021-02-07,180,Viktor Obad (Andoweent),Zavrsena,Mijo Miletić,ne postoji,ne postoji,ne postoji,ne postoji,ne postoji,ne postoji,ne postoji,Charlotte
315,4,2021-01-11,11,2021-01-22,363,Slavica Tomić (Lythe1989),Odbijena,Vjeran Živković,Nina Horvatinčić,Dragutin Kralj,Mladen Pejić,Kristijan Đurić,ne postoji,ne postoji,ne postoji,Burr Ridge
316,88,2020-02-13,9,2020-02-22,216,Zdenko Vidović (Camesquill),Odustanak,ne postoji,ne postoji,ne postoji,ne postoji,ne postoji,ne postoji,ne postoji,ne postoji,Philadelphia
317,30,2020-11-03,12,2020-11-15,384,Berislava Bošnjak (Alose1972),Zavrsena,Aleksandra Duvnjak,Andrea Vidaković,Zdenka Kralj,Sara Miletić,Zrina Jurišić,ne postoji,ne postoji,ne postoji,Charlotte
318,90,2021-11-12,11,2021-11-23,341,Klara Pranjić (Lowee1969),Odbijena,Siniša Petrović,Tamara Kovačević,ne postoji,ne postoji,ne postoji,ne postoji,ne postoji,ne postoji,Fremont
319,63,2021-05-02,14,2021-05-16,308,Elena Jovanović (Otibitepar),Odustanak,Dunja Marić,Pribislav Bosanac,ne postoji,ne postoji,ne postoji,ne postoji,ne postoji,ne postoji,Bluffton
321,26,2022-10-18,4,2022-10-22,120,Marina Pavičić (Rems1949),Kreirana,ne postoji,ne postoji,ne postoji,ne postoji,ne postoji,ne postoji,ne postoji,ne postoji,Fremont
322,0,2021-04-20,6,2021-04-26,180,Ozren Jovanović (Quichaved),Zavrsena,Ljiljana Matković,Bogdana Matić,Leona Brkić,ne postoji,ne postoji,ne postoji,ne postoji,ne postoji,Copperas Cove
323,37,2020-11-05,12,2020-11-17,408,Neda Stolar (Woured),Zavrsena,Jasminka Jukić,ne postoji,ne postoji,ne postoji,ne postoji,ne postoji,ne postoji,ne postoji,Carroll
325,84,2020-04-22,3,2020-04-25,72,Držislav Hrvatin (Whily1995),Odustanak,Veselko Pavić,Mijo Miletić,ne postoji,ne postoji,ne postoji,ne postoji,ne postoji,ne postoji,Vancouver
326,81,2022-05-08,7,2022-05-15,224,Maja Grubišić (Farretionly),Prihvacena,ne postoji,ne postoji,ne postoji,ne postoji,ne postoji,ne postoji,ne postoji,ne postoji,Grant
327,17,2022-11-27,3,2022-11-30,90,Svetoslav Kovačević (Brod1966),Kreirana,Dragana Lučić,Ana Popović,ne postoji,ne postoji,ne postoji,ne postoji,ne postoji,ne postoji,Garden City
329,23,2020-10-23,10,2020-11-02,280,Svetoslav Kovačević (Brod1966),Odbijena,Velimir Klarić,ne postoji,ne postoji,ne postoji,ne postoji,ne postoji,ne postoji,ne postoji,Antioch
330,37,2021-05-26,13,2021-06-08,442,Davor Blažević (Thichimphed),Odustanak,Maria Ivanković,ne postoji,ne postoji,ne postoji,ne postoji,ne postoji,ne postoji,ne postoji,Carroll
331,61,2021-11-24,13,2022-00-07,286,Držislav Hrvatin (Whily1995),Zavrsena,Dragana Kovač,ne postoji,ne postoji,ne postoji,ne postoji,ne postoji,ne postoji,ne postoji,Grant
332,9,2022-11-10,1,2022-11-11,41,Svetoslav Kovačević (Brod1966),Prihvacena,Blago Janković,Davorin Petković,Iva Ivančić,Štefanija Crnić,Ana Živković,ne postoji,ne postoji,ne postoji,Marysville
333,28,2020-09-12,4,2020-09-16,96,Radojka Milić (Desed2000),Odustanak,Ranko Mikulić,Velimir Klarić,ne postoji,ne postoji,ne postoji,ne postoji,ne postoji,ne postoji,Fremont
334,79,2020-06-11,11,2020-06-22,374,Ozren Jovanović (Quichaved),Odustanak,Matea Šimunović,Nediljko Jerković,Elena Miletić,Mladen Pejić,Leon Bašić,ne postoji,ne postoji,ne postoji,Bluffton
335,16,2022-02-06,9,2022-02-15,288,Snježana Petković (Faceink),Kreirana,Zrina Jukić,Andrea Pavić,Dorotea Nikolić,ne postoji,ne postoji,ne postoji,ne postoji,ne postoji,Laurinburg
336,6,2022-08-23,3,2022-08-26,66,Mihaela Ivanković (Liend1991),Prihvacena,Ljiljana Matković,ne postoji,ne postoji,ne postoji,ne postoji,ne postoji,ne postoji,ne postoji,Warminster
337,60,2022-04-12,14,2022-04-26,336,Držislav Hrvatin (Whily1995),Kreirana,Manuela Novaković,Marica Pranjić,ne postoji,ne postoji,ne postoji,ne postoji,ne postoji,ne postoji,Antioch
338,46,2021-02-15,13,2021-02-28,442,Anto Bačić (Calkich),Odustanak,Jasminka Ćosić,Vjeran Živković,Zdenka Kralj,Dunja Marić,Spomenka Mihaljević,ne postoji,ne postoji,ne postoji,Fremont
339,75,2022-12-24,2,2022-12-26,60,Pavo Matić (Stered),Kreirana,Luka Milić,ne postoji,ne postoji,ne postoji,ne postoji,ne postoji,ne postoji,ne postoji,Copperas Cove
340,75,2021-02-22,8,2021-03-02,240,Berislava Bošnjak (Alose1972),Odbijena,Matej Perković,ne postoji,ne postoji,ne postoji,ne postoji,ne postoji,ne postoji,ne postoji,Copperas Cove
341,50,2020-01-16,6,2020-01-22,168,Ivo Hrvat (Joaroarry),Zavrsena,Elena Miletić,ne postoji,ne postoji,ne postoji,ne postoji,ne postoji,ne postoji,ne postoji,Everett
342,58,2020-04-26,7,2020-05-03,224,Elena Jovanović (Otibitepar),Zavrsena,Iva Ivančić,ne postoji,ne postoji,ne postoji,ne postoji,ne postoji,ne postoji,ne postoji,Fremont
343,30,2021-09-16,4,2021-09-20,128,Maja Grubišić (Farretionly),Zavrsena,Damir Ćosić,Dragana Lučić,Elizabeta Poljak,Dubravka Tadić,Budimir Jerković,ne postoji,ne postoji,ne postoji,Charlotte
344,84,2022-02-23,3,2022-02-26,72,Milenko Marjanović (Mothesseze),Kreirana,Aleksandra Duvnjak,Martina Popović,ne postoji,ne postoji,ne postoji,ne postoji,ne postoji,ne postoji,Vancouver
345,98,2020-06-20,4,2020-06-24,156,Ranka Nikolić (Ponwas45),Odustanak,Dragana Lučić,Slavko Perković,ne postoji,ne postoji,ne postoji,ne postoji,ne postoji,ne postoji,Carroll
346,11,2021-10-17,6,2021-10-23,180,Držislav Hrvatin (Whily1995),Zavrsena,Zrina Stanić,ne postoji,ne postoji,ne postoji,ne postoji,ne postoji,ne postoji,ne postoji,Charlotte
347,17,2020-03-23,12,2020-04-04,360,Berislava Bošnjak (Alose1972),Odustanak,Damir Ćosić,Aleksandra Duvnjak,ne postoji,ne postoji,ne postoji,ne postoji,ne postoji,ne postoji,Garden City
348,61,2021-03-12,5,2021-03-17,110,Ivan Vuković (Quared67),Zavrsena,Karlo Marjanović,ne postoji,ne postoji,ne postoji,ne postoji,ne postoji,ne postoji,ne postoji,Grant
349,29,2021-03-02,2,2021-03-04,52,Miro Vidaković (Haided),Odbijena,ne postoji,ne postoji,ne postoji,ne postoji,ne postoji,ne postoji,ne postoji,ne postoji,Marysville
350,72,2020-01-03,14,2020-01-17,434,Gordan Brkić (Brobbegreare),Odustanak,Jasminka Jukić,Matea Šimunović,Ranko Mikulić,Velimir Klarić,Antonio Živković,Ognjen Šimić,Zlatko Topić,Alen Pavlović,Copperas Cove
351,60,2022-09-25,8,2022-10-03,192,Jakov Zagorec (Pletent49),Kreirana,Nika Tadić,Saša Jukić,ne postoji,ne postoji,ne postoji,ne postoji,ne postoji,ne postoji,Antioch
352,86,2020-06-01,4,2020-06-05,144,Blaženka Novosel (Peaske),Zavrsena,Maria Ivanković,ne postoji,ne postoji,ne postoji,ne postoji,ne postoji,ne postoji,ne postoji,Warminster
353,58,2022-02-16,11,2022-02-27,352,Đurđica Matković (Ploust69),Prihvacena,Tihomil Jerković,ne postoji,ne postoji,ne postoji,ne postoji,ne postoji,ne postoji,ne postoji,Fremont
355,52,2022-10-13,11,2022-10-24,407,Tuga Jovanović (Capils),Kreirana,Zrina Stanić,Robert Pejić,Ognjen Šimić,Ana Kos,Andrea Pavić,ne postoji,ne postoji,ne postoji,Laurinburg
356,59,2021-06-20,9,2021-06-29,288,Iva Lončar (Hund1986),Zavrsena,ne postoji,ne postoji,ne postoji,ne postoji,ne postoji,ne postoji,ne postoji,ne postoji,Boston
357,86,2021-07-22,5,2021-07-27,180,Zdravka Rukavina (Bliguld),Odustanak,Mirjana Mihaljević,ne postoji,ne postoji,ne postoji,ne postoji,ne postoji,ne postoji,ne postoji,Warminster
358,61,2020-07-14,10,2020-07-24,220,Hana Perković (Theregan),Odustanak,Ana Popović,ne postoji,ne postoji,ne postoji,ne postoji,ne postoji,ne postoji,ne postoji,Grant
359,36,2021-09-26,14,2021-10-10,448,Zdravka Rukavina (Bliguld),Odbijena,ne postoji,ne postoji,ne postoji,ne postoji,ne postoji,ne postoji,ne postoji,ne postoji,Copperas Cove
360,73,2021-10-21,15,2021-11-05,450,Milenko Marjanović (Mothesseze),Odustanak,Lidija Crnić,ne postoji,ne postoji,ne postoji,ne postoji,ne postoji,ne postoji,ne postoji,Philadelphia
361,34,2021-05-23,1,2021-05-24,22,Silvija Jović (Whersuch),Odbijena,ne postoji,ne postoji,ne postoji,ne postoji,ne postoji,ne postoji,ne postoji,ne postoji,Burr Ridge
362,42,2022-06-15,5,2022-06-20,160,Silvija Jović (Whersuch),Kreirana,Ksenija Ivanković,Budimir Jerković,Romana Barić,Šimun Delić,Matej Perković,ne postoji,ne postoji,ne postoji,Fremont
364,8,2021-03-13,9,2021-03-22,306,Viktor Obad (Andoweent),Odustanak,Elena Miletić,Robert Pejić,Ana Živković,ne postoji,ne postoji,ne postoji,ne postoji,ne postoji,Pace
365,25,2021-11-05,2,2021-11-07,56,Mislav Tomić (Elbectern),Odustanak,Zrina Stanić,ne postoji,ne postoji,ne postoji,ne postoji,ne postoji,ne postoji,ne postoji,Warminster
366,79,2021-10-21,1,2021-10-22,34,Tereza Knežević (Cater1966),Odbijena,Ognjen Šimić,Gojko Ivanec,Matej Perković,Berivoj Marušić,Stanka Grgić,ne postoji,ne postoji,ne postoji,Bluffton
367,11,2022-09-15,13,2022-09-28,390,Slavica Tomić (Lythe1989),Kreirana,Danijela Jurišić,ne postoji,ne postoji,ne postoji,ne postoji,ne postoji,ne postoji,ne postoji,Charlotte
368,40,2021-05-13,6,2021-05-19,186,Doris Marković (Anxich),Odustanak,Pribislav Bosanac,Teha Rukavina,ne postoji,ne postoji,ne postoji,ne postoji,ne postoji,ne postoji,Pace
369,68,2021-05-14,11,2021-05-25,385,Olga Radić (Execonverve),Odustanak,Ivana Perković,Saša Jukić,ne postoji,ne postoji,ne postoji,ne postoji,ne postoji,ne postoji,Pace
370,0,2022-05-02,3,2022-05-05,90,Ivona Brajković (Stoluch),Kreirana,Ana Živković,Darijo Mandić,Sanela Matković,ne postoji,ne postoji,ne postoji,ne postoji,ne postoji,Copperas Cove
371,90,2021-11-02,3,2021-11-05,93,Božidarka Kralj (Worge1966),Odbijena,Jasminka Ćosić,Božo Brkić,ne postoji,ne postoji,ne postoji,ne postoji,ne postoji,ne postoji,Fremont
373,17,2020-07-15,1,2020-07-16,30,Neda Stolar (Woured),Odustanak,Zrina Jurišić,Tamara Kovačević,ne postoji,ne postoji,ne postoji,ne postoji,ne postoji,ne postoji,Garden City
374,39,2021-06-13,10,2021-06-23,390,Snježana Petković (Faceink),Odbijena,Ratko Tomić,Dragana Kovač,Blago Obad,Matija Mikulić,Milica Petković,ne postoji,ne postoji,ne postoji,Boston
375,68,2022-10-18,2,2022-10-20,70,Tonka Ivanović (Upow1988),Prihvacena,Vedrana Matijević,Ljiljana Matković,ne postoji,ne postoji,ne postoji,ne postoji,ne postoji,ne postoji,Pace
376,99,2022-12-20,4,2022-12-24,156,Marina Pavičić (Rems1949),Kreirana,Stanka Grgić,Andrea Vidaković,Tuga Čerkez,Darijo Mandić,Dorotea Nikolić,Ana Kos,Ratko Tomić,Blago Janković,Rochester
377,38,2022-03-01,9,2022-03-10,252,Miro Vidaković (Haided),Prihvacena,Berivoj Marušić,Ljiljana Matković,ne postoji,ne postoji,ne postoji,ne postoji,ne postoji,ne postoji,Copperas Cove
378,69,2021-01-20,15,2021-02-04,480,Mojmir Bačić (Liet1998),Zavrsena,Nikola Klarić,ne postoji,ne postoji,ne postoji,ne postoji,ne postoji,ne postoji,ne postoji,Bluffton
379,2,2022-06-24,9,2022-07-03,288,Ivan Vuković (Quared67),Kreirana,ne postoji,ne postoji,ne postoji,ne postoji,ne postoji,ne postoji,ne postoji,ne postoji,Cambridge
380,15,2021-05-18,9,2021-05-27,252,Pavo Matić (Stered),Odbijena,Velimir Klarić,Darijo Horvatinčić,ne postoji,ne postoji,ne postoji,ne postoji,ne postoji,ne postoji,Bluffton
381,2,2020-03-26,6,2020-04-01,192,Mislav Tomić (Elbectern),Odustanak,ne postoji,ne postoji,ne postoji,ne postoji,ne postoji,ne postoji,ne postoji,ne postoji,Cambridge
382,34,2022-05-19,9,2022-05-28,198,Berislava Bošnjak (Alose1972),Prihvacena,ne postoji,ne postoji,ne postoji,ne postoji,ne postoji,ne postoji,ne postoji,ne postoji,Burr Ridge
383,67,2022-08-06,2,2022-08-08,74,Božidarka Kralj (Worge1966),Prihvacena,Ana Kos,Luka Milić,ne postoji,ne postoji,ne postoji,ne postoji,ne postoji,ne postoji,Southfield
384,21,2020-04-24,14,2020-05-08,448,Blaženka Novosel (Peaske),Odustanak,Božo Varga,Mihovil Kovačić,Sara Miletić,ne postoji,ne postoji,ne postoji,ne postoji,ne postoji,Grant
385,96,2020-05-21,12,2020-06-02,312,Držislav Hrvatin (Whily1995),Zavrsena,ne postoji,ne postoji,ne postoji,ne postoji,ne postoji,ne postoji,ne postoji,ne postoji,Grant
386,42,2022-04-20,5,2022-04-25,160,Mislav Tomić (Elbectern),Kreirana,Nediljko Jerković,Danijela Jurišić,Divna Topić,Teha Rukavina,Antonio Živković,ne postoji,ne postoji,ne postoji,Fremont
387,25,2020-10-24,5,2020-10-29,140,Draženka Popović (Siled1976),Zavrsena,Matea Šimunović,ne postoji,ne postoji,ne postoji,ne postoji,ne postoji,ne postoji,ne postoji,Warminster
388,72,2022-03-14,9,2022-03-23,279,Milenko Marjanović (Mothesseze),Kreirana,Slavko Perković,Kažimir Pavičić,Leona Duvnjak,Roko Stipanov,Elvis Kolar,Dunja Marić,Mirjana Mihaljević,Nikola Klarić,Copperas Cove
389,45,2020-12-01,13,2020-12-14,403,Ozren Jovanović (Quichaved),Odbijena,Milenko Jozić,Tihomil Jerković,ne postoji,ne postoji,ne postoji,ne postoji,ne postoji,ne postoji,Charlotte
390,53,2020-04-06,12,2020-04-18,336,Olga Radić (Therver),Odustanak,Živka Ivanković,ne postoji,ne postoji,ne postoji,ne postoji,ne postoji,ne postoji,ne postoji,Cambridge
391,91,2021-11-04,1,2021-11-05,35,Blaženka Novosel (Peaske),Zavrsena,Dunja Marić,Budimir Jerković,ne postoji,ne postoji,ne postoji,ne postoji,ne postoji,ne postoji,Bluffton
392,98,2020-04-15,8,2020-04-23,312,Mojmir Bačić (Liet1998),Odbijena,Danijela Vidaković,Jasminka Jukić,ne postoji,ne postoji,ne postoji,ne postoji,ne postoji,ne postoji,Carroll
394,25,2022-12-27,13,2023-00-09,364,Svetoslav Kovačević (Brod1966),Kreirana,Nikola Klarić,ne postoji,ne postoji,ne postoji,ne postoji,ne postoji,ne postoji,ne postoji,Warminster
395,35,2020-07-10,13,2020-07-23,312,Krunoslav Lovrić (Offera91),Zavrsena,Andrea Pavić,ne postoji,ne postoji,ne postoji,ne postoji,ne postoji,ne postoji,ne postoji,Grant
397,25,2020-08-14,15,2020-08-29,420,Tonka Ivanović (Upow1988),Zavrsena,Bogdan Jukić,ne postoji,ne postoji,ne postoji,ne postoji,ne postoji,ne postoji,ne postoji,Warminster
398,76,2021-11-16,5,2021-11-21,130,Petar Lončar (Thoromem),Odustanak,Dorotea Nikolić,Teha Rukavina,ne postoji,ne postoji,ne postoji,ne postoji,ne postoji,ne postoji,Pace
399,42,2020-01-23,8,2020-01-31,256,Milenko Marjanović (Mothesseze),Zavrsena,Zlatko Topić,Matija Hrvatin,Tomislav Jelić,Marica Pranjić,Nediljko Jerković,ne postoji,ne postoji,ne postoji,Fremont
