Korisnicko ime,Ime,Prezime,Kontakt telefon,Email adresa,Pol,Uloga
Otibitepar,Elena,Jovanović,254-542-3975,ElenaJovanovic@einrot.com,Zensko,Admin
Hund1986,Iva,Lončar,308-352-8450,IvaLoncar@teleworm.us,Zensko,Domacin
Whons1950,Grgur,Barišić,508-219-1657,GrgurBarisic@gustr.com,Musko,Domacin
Farretionly,Maja,Grubišić,615-947-7966,MajaGrubisic@superrito.com,Zensko,Domacin
Bliguld,Zdravka,Rukavina,847-528-3259,ZdravkaRukavina@dayrep.com,Zensko,Domacin
Wiler1948,Štefanija,Miletić,425-330-8686,StefanijaMiletic@gustr.com,Zensko,Domacin
Liet1998,Mojmir,Bačić,267-413-0776,MojmirBacic@rhyta.com,Musko,Domacin
Poseveropme,Vjekoslav,Petrović,810-581-4524,VjekoslavPetrovic@teleworm.us,Musko,Domacin
Camesquill,Zdenko,Vidović,850-994-8178,ZdenkoVidovic@rhyta.com,Musko,Domacin
Resprommed,Vinko,Horvat,785-562-7280,VinkoHorvat@jourrapide.com,Musko,Domacin
Ariend,Sanja,Vuković,419-355-4080,SanjaVukovic@jourrapide.com,Zensko,Domacin
Thoughty1944,Danica,Jović,980-622-0919,DanicaJovic@cuvox.de,Zensko,Domacin
Occonever45,Ksenija,Perić,360-281-9142,KsenijaPeric@fleckens.hu,Zensko,Domacin
Peaske,Blaženka,Novosel,302-399-8819,BlazenkaNovosel@armyspy.com,Zensko,Domacin
Quichaved,Ozren,Jovanović,585-420-8245,OzrenJovanovic@cuvox.de,Musko,Domacin
Calkich,Anto,Bačić,843-415-3631,AntoBacic@rhyta.com,Musko,Domacin
Whily1995,Držislav,Hrvatin,910-318-7069,DrzislavHrvatin@teleworm.us,Musko,Domacin
Lowee1969,Klara,Pranjić,516-805-9661,KlaraPranjic@fleckens.hu,Zensko,Domacin
Lythe1989,Slavica,Tomić,712-210-2658,SlavicaTomic@jourrapide.com,Zensko,Domacin
Anxich,Doris,Marković,781-715-1469,DorisMarkovic@armyspy.com,Zensko,Domacin
Hoset1970,Jasmina,Dujmović,360-366-8807,JasminaDujmovic@jourrapide.com,Zensko,Gost
Rundepress,Tomica,Marinović,626-367-6842,TomicaMarinovic@rhyta.com,Musko,Gost
Staided,Jasmin,Bošnjak,520-413-1804,JasminBosnjak@jourrapide.com,Musko,Gost
Anscialtat,Dejan,Jukić,310-778-5575,DejanJukic@dayrep.com,Musko,Gost
Alose1972,Berislava,Bošnjak,630-692-0098,BerislavaBosnjak@rhyta.com,Zensko,Gost
Capils,Tuga,Jovanović,859-868-9843,TugaJovanovic@rhyta.com,Zensko,Gost
Quared67,Ivan,Vuković,317-489-6489,IvanVukovic@armyspy.com,Musko,Gost
Himmenting,Emil,Ivanović,617-949-1191,EmilIvanovic@superrito.com,Musko,Gost
Incromment,Tuga,Petković,304-767-4333,TugaPetkovic@superrito.com,Zensko,Gost
Haided,Miro,Vidaković,678-607-5450,MiroVidakovic@teleworm.us,Musko,Gost
Execonverve,Olga,Radić,830-522-7645,OlgaRadic@superrito.com,Zensko,Gost
Mothesseze,Milenko,Marjanović,484-541-3689,MilenkoMarjanovic@superrito.com,Musko,Gost
Rems1949,Marina,Pavičić,828-429-3551,MarinaPavicic@fleckens.hu,Zensko,Gost
Joaroarry,Ivo,Hrvat,240-818-4711,IvoHrvat@teleworm.us,Musko,Gost
Therver,Olga,Radić,860-793-9096,OlgaRadic@armyspy.com,Zensko,Gost
Brod1966,Svetoslav,Kovačević,760-255-8697,SvetoslavKovacevic@cuvox.de,Musko,Gost
Faceink,Snježana,Petković,404-476-3407,SnjezanaPetkovic@armyspy.com,Zensko,Gost
Pletent49,Jakov,Zagorec,660-529-4495,JakovZagorec@teleworm.us,Musko,Gost
Elbectern,Mislav,Tomić,210-687-9867,MislavTomic@rhyta.com,Musko,Gost
Tionat,Margareta,Pavlović,513-294-0116,MargaretaPavlovic@teleworm.us,Zensko,Gost
Whersuch,Silvija,Jović,580-957-3347,SilvijaJovic@rhyta.com,Zensko,Gost
Staket1943,Dalibor,Jurković,361-305-1315,DaliborJurkovic@dayrep.com,Musko,Gost
Worge1966,Božidarka,Kralj,336-759-4527,BozidarkaKralj@fleckens.hu,Zensko,Gost
Offera91,Krunoslav,Lovrić,484-341-5348,KrunoslavLovric@teleworm.us,Musko,Gost
Upow1988,Tonka,Ivanović,724-250-1379,TonkaIvanovic@dayrep.com,Zensko,Gost
Hatishe1976,Slavoljub,Babić,732-286-4710,SlavoljubBabic@superrito.com,Musko,Gost
Cater1966,Tereza,Knežević,805-534-8072,TerezaKnezevic@fleckens.hu,Zensko,Gost
Bobselp,Mateo,Herceg,803-473-6659,MateoHerceg@teleworm.us,Musko,Gost
Liend1991,Mihaela,Ivanković,703-786-2768,MihaelaIvankovic@cuvox.de,Zensko,Gost
Copenty,Paula,Martinović,727-575-1941,PaulaMartinovic@superrito.com,Zensko,Gost
Lairger,Patricija,Janković,256-304-0214,PatricijaJankovic@teleworm.us,Zensko,Gost
Woured,Neda,Stolar,423-576-8305,NedaStolar@teleworm.us,Zensko,Gost
Ponwas45,Ranka,Nikolić,859-695-4146,RankaNikolic@einrot.com,Zensko,Gost
Thoromem,Petar,Lončar,812-663-7731,PetarLoncar@fleckens.hu,Musko,Gost
Thichimphed,Davor,Blažević,678-219-1783,DavorBlazevic@armyspy.com,Musko,Gost
Siled1976,Draženka,Popović,909-559-9059,DrazenkaPopovic@armyspy.com,Zensko,Gost
Stered,Pavo,Matić,320-761-5329,PavoMatic@superrito.com,Musko,Gost
Hercerays,Zdenka,Novosel,712-237-1633,ZdenkaNovosel@rhyta.com,Zensko,Gost
Desed2000,Radojka,Milić,619-468-9684,RadojkaMilic@fleckens.hu,Zensko,Gost
Stoluch,Ivona,Brajković,509-451-4938,IvonaBrajkovic@jourrapide.com,Zensko,Gost
Brobbegreare,Gordan,Brkić,323-224-5411,GordanBrkic@jourrapide.com,Musko,Gost
Abires1959,Antonija,Radić,312-243-8354,AntonijaRadic@fleckens.hu,Zensko,Gost
Thermised02,Nenad,Cindrić,978-298-0794,NenadCindric@gustr.com,Musko,Gost
Andoweent,Viktor,Obad,208-840-3643,ViktorObad@jourrapide.com,Musko,Gost
Theregan,Hana,Perković,720-496-2234,HanaPerkovic@superrito.com,Zensko,Gost
Luctly1975,Milena,Barić,402-381-8667,MilenaBaric@einrot.com,Zensko,Gost
Ploust69,Đurđica,Matković,770-631-8176,DurdicaMatkovic@fleckens.hu,Zensko,Gost
Waid1973,Vojmil,Kralj,707-565-7542,VojmilKralj@gustr.com,Musko,Gost
Exciou1994,Romana,Barić,830-773-9092,RomanaBaric@cuvox.de,Zensko,Gost
Ofterhaver,Berivoj,Marušić,810-570-0888,BerivojMarusic@superrito.com,Musko,Gost
Oneret,Martina,Popović,248-570-4161,MartinaPopovic@jourrapide.com,Zensko,Gost
Hadve1951,Desimir,Novaković,727-744-3837,DesimirNovakovic@cuvox.de,Musko,Gost
Plareput,Leona,Duvnjak,262-257-5732,LeonaDuvnjak@gustr.com,Zensko,Gost
Galeafeend,Dubravka,Lovrić,818-223-2918,DubravkaLovric@rhyta.com,Zensko,Gost
Martand,Dubravka,Tadić,302-345-4055,DubravkaTadic@einrot.com,Zensko,Gost
Theyeacest,Antonio,Živković,321-757-0300,AntonioZivkovic@rhyta.com,Musko,Gost
Rablect,Darijo,Mandić,812-498-4628,DarijoMandic@jourrapide.com,Musko,Gost
Begazy,Teha,Rukavina,360-786-4676,TehaRukavina@gustr.com,Zensko,Gost
Sawn1992,Andrea,Vidaković,484-601-9056,AndreaVidakovic@fleckens.hu,Zensko,Gost
Gainglaing,Ana,Popović,225-336-5255,AnaPopovic@rhyta.com,Zensko,Gost
Ireetwent,Tihomil,Jerković,817-329-6908,TihomilJerkovic@dayrep.com,Musko,Gost
Therech,Manuela,Novaković,617-225-0398,ManuelaNovakovic@jourrapide.com,Zensko,Gost
Fien1962,Siniša,Petrović,580-532-9661,SinisaPetrovic@jourrapide.com,Musko,Gost
Swifirold60,Ankica,Mijatović,832-398-2172,AnkicaMijatovic@cuvox.de,Zensko,Gost
GencÃ©ed,Tuga,Čerkez,831-702-7151,TugaCerkez@dayrep.com,Zensko,Gost
Duritenter,Ljubomir,Marić,347-754-7891,LjubomirMaric@dayrep.com,Musko,Gost
Sheire,Borislav,Novak,417-526-6362,BorislavNovak@fleckens.hu,Musko,Gost
Recticem,Anja,Marković,503-909-0581,AnjaMarkovic@gustr.com,Zensko,Gost
Cipen1968,Lidija,Crnić,417-658-1399,LidijaCrnic@fleckens.hu,Zensko,Gost
Cammiect94,Vedrana,Matijević,717-823-6341,VedranaMatijevic@dayrep.com,Zensko,Gost
Fintioned,Mihovil,Kovačić,727-298-1546,MihovilKovacic@armyspy.com,Musko,Gost
Hateep,Mateja,Obad,601-851-9825,MatejaObad@teleworm.us,Zensko,Gost
Serroustere,Jasminka,Ćosić,715-872-0380,JasminkaCosic@jourrapide.com,Zensko,Gost
Everat,Tihomil,Vučković,313-342-7464,TihomilVuckovic@einrot.com,Musko,Gost
Beenessay,Tereza,Janković,765-513-5673,TerezaJankovic@einrot.com,Zensko,Gost
Racclut,Dunja,Marić,724-421-5130,DunjaMaric@armyspy.com,Zensko,Gost
Lankincte,Tihomil,Ivančić,319-646-2969,TihomilIvancic@armyspy.com,Musko,Gost
Raiddece,Leonardo,Jakšić,908-696-7389,LeonardoJaksic@cuvox.de,Musko,Gost
Fers1998,Zdenka,Kralj,502-552-3093,ZdenkaKralj@rhyta.com,Zensko,Gost
Eale1973,Ljiljana,Matković,770-507-7269,LjiljanaMatkovic@fleckens.hu,Zensko,Gost
Theraid,Davorin,Petković,504-525-5393,DavorinPetkovic@einrot.com,Musko,Gost
Derithe,Slavko,Perković,954-502-9193,SlavkoPerkovic@einrot.com,Musko,Gost
Objes1936,Velimir,Klarić,425-948-6494,VelimirKlaric@cuvox.de,Musko,Gost
Anyinct,Saša,Jukić,580-960-7284,SasaJukic@jourrapide.com,Musko,Gost
Getice,Nika,Tadić,214-802-3721,NikaTadic@gustr.com,Zensko,Gost
Ginsiou42,Ratko,Tomić,620-647-1988,RatkoTomic@jourrapide.com,Musko,Gost
Entoo1949,Snežana,Bošnjak,530-681-3491,SnezanaBosnjak@armyspy.com,Zensko,Gost
Sorliand47,Ognjen,Šimić,716-572-3780,OgnjenSimic@teleworm.us,Musko,Gost
Mader1983,Cvjetko,Zagorec,740-967-0227,CvjetkoZagorec@armyspy.com,Musko,Gost
Nottlespiche,Alen,Pavlović,978-349-6619,AlenPavlovic@armyspy.com,Musko,Gost
Faryinly,Senka,Jozić,712-655-3336,SenkaJozic@einrot.com,Zensko,Gost
Comisdazied,Srećko,Bosanac,484-813-9672,SreckoBosanac@jourrapide.com,Musko,Gost
Tharmaket,Karlo,Marjanović,615-589-9349,KarloMarjanovic@armyspy.com,Musko,Gost
Rommout,Aleksandra,Duvnjak,212-295-8999,AleksandraDuvnjak@teleworm.us,Zensko,Gost
Wouthern,Mirjana,Mihaljević,415-449-2425,MirjanaMihaljevic@fleckens.hu,Zensko,Gost
Coing1944,Perica,Grgić,608-406-4345,PericaGrgic@dayrep.com,Zensko,Gost
Retraid,Daniel,Pavlović,614-627-0655,DanielPavlovic@armyspy.com,Musko,Gost
Lationd1998,Nina,Horvatinčić,415-374-4123,NinaHorvatincic@dayrep.com,Zensko,Gost
Vourpontow,Nediljko,Jerković,708-613-1894,NediljkoJerkovic@cuvox.de,Musko,Gost
Purmse,Jasminka,Jukić,412-227-4174,JasminkaJukic@fleckens.hu,Zensko,Gost
Polornet,Šimun,Delić,702-756-2005,SimunDelic@jourrapide.com,Musko,Gost
Seet1987,Elena,Petković,972-854-5646,ElenaPetkovic@teleworm.us,Zensko,Gost
Tonve1955,Ana,Živković,970-515-4376,AnaZivkovic@dayrep.com,Zensko,Gost
Devell,Sanela,Matković,612-802-8703,SanelaMatkovic@rhyta.com,Zensko,Gost
Thistried,Milenko,Jozić,715-238-1946,MilenkoJozic@cuvox.de,Musko,Gost
Broated,Dražan,Katić,662-891-2502,DrazanKatic@cuvox.de,Musko,Gost
Andayseen,Gojko,Ivanec,770-617-7077,GojkoIvanec@gustr.com,Musko,Gost
Postre,Neven,Novaković,408-345-4982,NevenNovakovic@einrot.com,Musko,Gost
Capperes,Robert,Pejić,207-712-7596,RobertPejic@cuvox.de,Musko,Gost
Ongdaince,Bernarda,Matković,614-389-3206,BernardaMatkovic@rhyta.com,Zensko,Gost
Unce1943,Ognjen,Marjanović,701-307-3268,OgnjenMarjanovic@teleworm.us,Musko,Gost
Saingly,Zrina,Jukić,254-341-9530,ZrinaJukic@superrito.com,Zensko,Gost
Sects1952,Damir,Ćosić,925-394-9327,DamirCosic@einrot.com,Musko,Gost
Hadonse1943,Živka,Ivanković,256-997-0055,ZivkaIvankovic@jourrapide.com,Zensko,Gost
Ganow1997,Matej,Perković,313-205-4866,MatejPerkovic@gustr.com,Musko,Gost
Thearly,Budimir,Jerković,662-473-4447,BudimirJerkovic@cuvox.de,Musko,Gost
Thessis,Zrina,Jurišić,720-941-4639,ZrinaJurisic@cuvox.de,Zensko,Gost
Washer,Darijo,Janković,516-637-1667,DarijoJankovic@superrito.com,Musko,Gost
Weeneire,Tomislav,Jelić,951-378-5377,TomislavJelic@rhyta.com,Musko,Gost
Obabounceept,Leona,Brkić,630-699-0649,LeonaBrkic@dayrep.com,Zensko,Gost
Rellovent,Andrea,Pavić,828-479-6444,AndreaPavic@jourrapide.com,Zensko,Gost
Rento1983,Ana,Kos,810-897-9136,AnaKos@jourrapide.com,Zensko,Gost
Dety1987,Stanka,Grgić,210-677-3200,StankaGrgic@einrot.com,Zensko,Gost
Ousned,Iva,Ivančić,304-830-3732,IvaIvancic@armyspy.com,Zensko,Gost
Thot1991,Ranko,Mikulić,330-835-7713,RankoMikulic@teleworm.us,Musko,Gost
Carviche43,Sara,Miletić,606-896-3536,SaraMiletic@armyspy.com,Zensko,Gost
Fewillic,Prvoš,Tadić,954-885-3304,PrvosTadic@cuvox.de,Musko,Gost
Staend63,Zrina,Stanić,419-858-2018,ZrinaStanic@gustr.com,Zensko,Gost
Madever,Bogdana,Matić,979-230-2002,BogdanaMatic@fleckens.hu,Zensko,Gost
Candect,Matija,Mikulić,434-226-4897,MatijaMikulic@teleworm.us,Musko,Gost
Chapas,Roko,Stipanov,650-935-9128,RokoStipanov@rhyta.com,Musko,Gost
Apocumpeat,Leon,Bašić,636-536-3010,LeonBasic@dayrep.com,Musko,Gost
Youlbeat,Luka,Milić,660-555-4576,LukaMilic@cuvox.de,Musko,Gost
Shesed,Nikola,Klarić,781-303-7005,NikolaKlaric@armyspy.com,Musko,Gost
Foolve,Mijo,Miletić,701-369-4706,MijoMiletic@fleckens.hu,Musko,Gost
Incithe1999,Danijela,Vidaković,603-669-3059,DanijelaVidakovic@fleckens.hu,Zensko,Gost
Bansespoll1936,Dragutin,Kralj,304-263-3685,DragutinKralj@fleckens.hu,Musko,Gost
Camedid,Kristijan,Đurić,573-967-4739,KristijanDuric@fleckens.hu,Musko,Gost
Theaunnowly58,Maria,Ivanković,317-917-7415,MariaIvankovic@fleckens.hu,Zensko,Gost
Biturnight,Ivana,Perković,307-377-7515,IvanaPerkovic@gustr.com,Zensko,Gost
Poters,Elena,Miletić,908-552-6541,ElenaMiletic@superrito.com,Zensko,Gost
Morpegir,Božo,Varga,703-776-7662,BozoVarga@rhyta.com,Musko,Gost
Yestand,Pribislav,Bosanac,919-557-1938,PribislavBosanac@rhyta.com,Musko,Gost
Turstraccon,Dragana,Kovač,318-916-6319,DraganaKovac@cuvox.de,Zensko,Gost
Sains1955,Vjeran,Živković,402-299-6473,VjeranZivkovic@fleckens.hu,Musko,Gost
Andesiscrip,Elvis,Kolar,718-849-4056,ElvisKolar@dayrep.com,Musko,Gost
Nolibleyou59,Dorotea,Nikolić,815-566-1548,DoroteaNikolic@jourrapide.com,Zensko,Gost
Scigigive,Matea,Šimunović,740-664-1152,MateaSimunovic@dayrep.com,Zensko,Gost
Himmaysion,Štefanija,Crnić,724-747-9553,StefanijaCrnic@superrito.com,Zensko,Gost
Hicle1952,Danijela,Jurišić,512-821-1650,DanijelaJurisic@superrito.com,Zensko,Gost
Teforning,Blago,Obad,646-758-1477,BlagoObad@cuvox.de,Musko,Gost
Hicuregary,Tamara,Novosel,302-663-9449,TamaraNovosel@jourrapide.com,Zensko,Gost
Alleme,Mladen,Pejić,973-728-3335,MladenPejic@fleckens.hu,Musko,Gost
Tileords1996,Elizabeta,Poljak,402-822-1357,ElizabetaPoljak@cuvox.de,Zensko,Gost
Anouncy,Tamara,Kovačević,734-257-0307,TamaraKovacevic@cuvox.de,Zensko,Gost
Wousing,Tihomil,Čerkez,406-451-8885,TihomilCerkez@einrot.com,Musko,Gost
Forintolue,Diana,Jurić,310-914-8973,DianaJuric@einrot.com,Zensko,Gost
Thromparsus,Prvoslav,Debeljak,203-702-5623,PrvoslavDebeljak@superrito.com,Musko,Gost
Expeconen,Stjepan,Vukelić,304-633-8283,StjepanVukelic@dayrep.com,Musko,Gost
Antark,Veselko,Pavić,415-982-1402,VeselkoPavic@gustr.com,Musko,Gost
Riatecand,Bogdan,Jukić,614-481-2750,BogdanJukic@rhyta.com,Musko,Gost
Werving,Blago,Janković,906-337-5674,BlagoJankovic@dayrep.com,Musko,Gost
Comee1941,Ksenija,Ivanković,906-672-8545,KsenijaIvankovic@fleckens.hu,Zensko,Gost
Onsed1978,Divna,Topić,580-804-1363,DivnaTopic@superrito.com,Zensko,Gost
Testim,Spomenka,Mihaljević,404-346-8305,SpomenkaMihaljevic@superrito.com,Zensko,Gost
Witteorsell,Nadica,Tkalčić,703-963-4954,NadicaTkalcic@rhyta.com,Zensko,Gost
Dowasobod,Kažimir,Pavičić,404-713-2224,KazimirPavicic@jourrapide.com,Musko,Gost
Butibill,Mislav,Marković,330-262-7885,MislavMarkovic@dayrep.com,Musko,Gost
Tram1957,Dragana,Lučić,908-991-1670,DraganaLucic@dayrep.com,Zensko,Gost
Acephror1971,Darijo,Horvatinčić,419-589-7802,DarijoHorvatincic@superrito.com,Musko,Gost
Signtearame,Grgur,Perković,727-519-2106,GrgurPerkovic@armyspy.com,Musko,Gost
Afelf1965,Višeslav,Perić,301-350-8080,ViseslavPeric@cuvox.de,Musko,Gost
Houlthe,Blagica,Posavec,423-206-6221,BlagicaPosavec@fleckens.hu,Zensko,Gost
Pereadesen,Milica,Petković,609-614-9407,MilicaPetkovic@jourrapide.com,Zensko,Gost
Whiskentle,Darko,Stanić,313-342-4941,DarkoStanic@fleckens.hu,Musko,Gost
Anturtat,Matija,Hrvatin,731-388-5906,MatijaHrvatin@armyspy.com,Musko,Gost
Smon1987,Božo,Brkić,314-231-5618,BozoBrkic@teleworm.us,Musko,Domacin
Burrofted,Đurđa,Petković,732-454-8536,DurdaPetkovic@rhyta.com,Zensko,Gost
Faideringed,Marica,Pranjić,717-478-7039,MaricaPranjic@superrito.com,Zensko,Gost
Seciplaccont1942,Zlatko,Topić,662-688-6716,ZlatkoTopic@fleckens.hu,Musko,Gost
testuser,testname,testlname,123456789,test@mail.com,Musko,Gost
uname,fname,lname,123,123,Musko,Gost
bajo19,Bajo,Pivljanin,0198398172,ayy@lmao.com,Musko,Gost
admin,admin,admin,1234567890,admin@admin.admin,Musko,Admin
fafaegaegerg,iu,iuj,123123123123123,a@a.aa,Musko,Gost
